ref age (deg),T,DT,RPM_1,CT_1,CQ_1,eta_1
0.0,0.0,4.7619047619047614e-5,7000.0,0.13041136652534566,0.00791190077346445,0.0002623340991268431
1.9999999999999998,4.7619047619047614e-5,4.7619047619047614e-5,7000.0,0.12490781470236773,0.0078577405951555,0.0002529950677290708
3.9999999999999996,9.523809523809523e-5,4.7619047619047614e-5,7000.0,0.10242899205562796,0.007350870182569767,0.00022177075634159375
5.999999999999999,0.00014285714285714284,4.7619047619047614e-5,7000.0,0.105619320548903,0.007365690577273243,0.0002282180710011343
7.999999999999999,0.00019047619047619045,4.7619047619047614e-5,7000.0,0.10867241086306857,0.007389689031654614,0.00023405249249978363
9.999999999999998,0.00023809523809523807,4.7619047619047614e-5,7000.0,0.11076671561104166,0.007414645521581403,0.00023776012310014713
11.999999999999998,0.0002857142857142857,4.7619047619047614e-5,7000.0,0.11231807389928088,0.0074387624283548965,0.0002403084764677001
13.999999999999998,0.00033333333333333327,4.7619047619047614e-5,7000.0,0.11355419485042326,0.007460621604709614,0.0002422413624068064
15.999999999999998,0.0003809523809523809,4.7619047619047614e-5,7000.0,0.1145957316170213,0.007480760557090088,0.0002438051185423271
18.0,0.00042857142857142855,4.7619047619047614e-5,7000.0,0.11543932924719455,0.007499546525041898,0.00024498467761423985
20.0,0.0004761904761904762,4.7619047619047614e-5,7000.0,0.11612500554006208,0.007517274448556555,0.0002458586389888086
22.0,0.0005238095238095238,4.7619047619047614e-5,7000.0,0.11672606261627118,0.007534104935681611,0.0002465791226911408
24.000000000000004,0.0005714285714285715,4.7619047619047614e-5,7000.0,0.11725826798244932,0.007550329256689557,0.000247171114442013
26.000000000000004,0.0006190476190476191,4.7619047619047614e-5,7000.0,0.11768533863066966,0.007565628244379857,0.00024756970297117666
28.000000000000004,0.0006666666666666668,4.7619047619047614e-5,7000.0,0.11805039919045943,0.00758039111626602,0.0002478540259593877
30.000000000000004,0.0007142857142857144,4.7619047619047614e-5,7000.0,0.11835852516364717,0.007595007539567956,0.00024802272069808235
32.00000000000001,0.000761904761904762,4.7619047619047614e-5,7000.0,0.11865452351088171,0.007609258665792657,0.00024817731616701643
34.00000000000001,0.0008095238095238097,4.7619047619047614e-5,7000.0,0.1189330721039162,0.007622835094700219,0.00024831688062625567
36.00000000000001,0.0008571428571428573,4.7619047619047614e-5,7000.0,0.11919144061271271,0.00763526705769354,0.0002484511256046064
38.00000000000001,0.000904761904761905,4.7619047619047614e-5,7000.0,0.1193926060681516,0.00764645844392914,0.0002485062014488055
40.00000000000001,0.0009523809523809526,4.7619047619047614e-5,7000.0,0.1195740124427644,0.007656631569378611,0.00024855310031774504
42.000000000000014,0.0010000000000000002,4.7619047619047614e-5,7000.0,0.11973066229313839,0.007663611603004595,0.00024865204202348135
44.00000000000001,0.0010476190476190479,4.7619047619047614e-5,7000.0,0.1198900448474204,0.007673300175700302,0.00024866866704109544
46.000000000000014,0.0010952380952380955,4.7619047619047614e-5,7000.0,0.12000110534310002,0.007680468568789784,0.00024866671767208374
48.000000000000014,0.0011428571428571432,4.7619047619047614e-5,7000.0,0.12011231522381495,0.007687040416129913,0.0002486843786325032
50.000000000000014,0.0011904761904761908,4.7619047619047614e-5,7000.0,0.12023073973128334,0.007693090662989922,0.00024873379735254456
52.000000000000014,0.0012380952380952384,4.7619047619047614e-5,7000.0,0.12032272990700303,0.00769891351584248,0.00024873584034428546
54.000000000000014,0.001285714285714286,4.7619047619047614e-5,7000.0,0.12042271557214199,0.007704216630629815,0.0002487711776906377
56.000000000000014,0.0013333333333333337,4.7619047619047614e-5,7000.0,0.12053347055260703,0.007709014319410665,0.00024884501249616755
58.000000000000014,0.0013809523809523814,4.7619047619047614e-5,7000.0,0.12064091896961164,0.007713207208787356,0.00024893145060705756
60.00000000000002,0.001428571428571429,4.7619047619047614e-5,7000.0,0.1206841484025994,0.007717146709879313,0.00024889352882873913
62.000000000000014,0.0014761904761904766,4.7619047619047614e-5,7000.0,0.12073440264842794,0.007720744802424189,0.0002488811309591683
64.00000000000001,0.0015238095238095243,4.7619047619047614e-5,7000.0,0.12079312045059987,0.007724450887954879,0.00024888270363898493
66.00000000000003,0.001571428571428572,4.7619047619047614e-5,7000.0,0.12073211079495404,0.007729725971561373,0.0002485872370331123
68.00000000000003,0.0016190476190476196,4.7619047619047614e-5,7000.0,0.12091108567445773,0.007729339683633701,0.00024896818806455716
70.00000000000003,0.0016666666666666672,4.7619047619047614e-5,7000.0,0.12092824638926207,0.007731443128232725,0.0002489357789104643
72.00000000000001,0.0017142857142857148,4.7619047619047614e-5,7000.0,0.12094954244180975,0.007732656601028678,0.0002489405457596063
74.00000000000001,0.0017619047619047625,4.7619047619047614e-5,7000.0,0.12099919208133034,0.007733419459703823,0.00024901816887360433
76.00000000000003,0.0018095238095238101,4.7619047619047614e-5,7000.0,0.12108285192477732,0.007733591896750997,0.0002491847858637116
78.00000000000003,0.0018571428571428578,4.7619047619047614e-5,7000.0,0.12110987403546881,0.007733526120741047,0.0002492425164025262
80.00000000000003,0.0019047619047619054,4.7619047619047614e-5,7000.0,0.1211015383812227,0.007733369301943652,0.0002492304155778556
82.00000000000003,0.001952380952380953,4.7619047619047614e-5,7000.0,0.12111443012487699,0.007733265584125091,0.0002492602901638601
84.00000000000003,0.0020000000000000005,4.7619047619047614e-5,7000.0,0.12113587335161956,0.0077328067195775105,0.00024931921524501004
86.00000000000001,0.002047619047619048,4.7619047619047614e-5,7000.0,0.1211632010680773,0.007732170618671676,0.0002493959758758467
88.00000000000001,0.0020952380952380958,4.7619047619047614e-5,7000.0,0.121202803654472,0.0077312150154390065,0.000249508327988344
90.00000000000001,0.0021428571428571434,4.7619047619047614e-5,7000.0,0.12118621269148216,0.007729890830201757,0.00024951691049861506
92.00000000000003,0.002190476190476191,4.7619047619047614e-5,7000.0,0.1211301893606164,0.007728337062917225,0.00024945170270721016
94.00000000000003,0.0022380952380952387,4.7619047619047614e-5,7000.0,0.12109465802152493,0.007726554838767058,0.00024943605278576823
96.00000000000003,0.0022857142857142863,4.7619047619047614e-5,7000.0,0.12107861154893983,0.0077243872372563145,0.0002494729865143578
98.00000000000001,0.002333333333333334,4.7619047619047614e-5,7000.0,0.12107255812112214,0.007721705156890175,0.00024954716226846795
100.00000000000003,0.0023809523809523816,4.7619047619047614e-5,7000.0,0.12107631085094783,0.007718387779090745,0.000249662156330908
102.00000000000003,0.0024285714285714292,4.7619047619047614e-5,7000.0,0.1210743601987485,0.007714472353305141,0.0002497848462580038
104.00000000000003,0.002476190476190477,4.7619047619047614e-5,7000.0,0.12107852341661718,0.0077097674600207205,0.0002499458719598092
106.00000000000003,0.0025238095238095245,4.7619047619047614e-5,7000.0,0.12103146688526158,0.007704149907471865,0.0002500309113374137
108.00000000000003,0.002571428571428572,4.7619047619047614e-5,7000.0,0.12098250035497889,0.007697543881670588,0.0002501442441265173
110.00000000000003,0.00261904761904762,4.7619047619047614e-5,7000.0,0.12088095631372046,0.0076901728059678405,0.0002501738544558334
112.00000000000003,0.0026666666666666674,4.7619047619047614e-5,7000.0,0.12078351717944108,0.007682476243529797,0.0002502226260617834
114.00000000000003,0.002714285714285715,4.7619047619047614e-5,7000.0,0.12068064992531015,0.007673861447373934,0.000250290184451121
116.00000000000003,0.0027619047619047627,4.7619047619047614e-5,7000.0,0.12057794274426485,0.0076644031316226826,0.0002503857806803323
118.00000000000004,0.0028095238095238104,4.7619047619047614e-5,7000.0,0.12046568093444739,0.007653779342204117,0.00025049988687192914
120.00000000000004,0.002857142857142858,4.7619047619047614e-5,7000.0,0.12034927895257044,0.00764199871381064,0.0002506436255770562
122.00000000000004,0.0029047619047619056,4.7619047619047614e-5,7000.0,0.12023979787008886,0.007629098456552417,0.0002508390512506621
124.00000000000003,0.0029523809523809533,4.7619047619047614e-5,7000.0,0.12010619094191281,0.007615004233170441,0.00025102407561480606
126.00000000000003,0.003000000000000001,4.7619047619047614e-5,7000.0,0.11990982258224127,0.007599451179412921,0.0002511265687308513
128.00000000000003,0.0030476190476190486,4.7619047619047614e-5,7000.0,0.11963708450277781,0.007582628261332016,0.0002511112600998725
130.00000000000003,0.003095238095238096,4.7619047619047614e-5,7000.0,0.11938077871908619,0.00756434386795524,0.0002511789703769551
132.00000000000006,0.003142857142857144,4.7619047619047614e-5,7000.0,0.1191242397675002,0.007544140294262823,0.0002513104324886417
134.00000000000006,0.0031904761904761915,4.7619047619047614e-5,7000.0,0.11886577128702333,0.007521901221215576,0.00025150656075357495
136.00000000000006,0.003238095238095239,4.7619047619047614e-5,7000.0,0.11861447681067615,0.007497475923478354,0.0002517924765528273
138.00000000000006,0.0032857142857142868,4.7619047619047614e-5,7000.0,0.11831236289550569,0.007470589419443743,0.00025205504313612716
140.00000000000006,0.0033333333333333344,4.7619047619047614e-5,7000.0,0.11790753065585523,0.007441010890069823,0.00025219108813133933
142.00000000000003,0.003380952380952382,4.7619047619047614e-5,7000.0,0.11744757605718524,0.007408700387429017,0.0002523028507858047
144.00000000000003,0.0034285714285714297,4.7619047619047614e-5,7000.0,0.11697008646782216,0.007373465493159108,0.00025247785417199076
146.00000000000003,0.0034761904761904773,4.7619047619047614e-5,7000.0,0.11652079222747845,0.007335099559145532,0.0002528235630130587
148.00000000000003,0.003523809523809525,4.7619047619047614e-5,7000.0,0.11602598228905857,0.007292917477467431,0.000253206054578983
150.00000000000003,0.0035714285714285726,4.7619047619047614e-5,7000.0,0.11539348891997728,0.007247491569641535,0.00025340414660382423
152.00000000000006,0.0036190476190476203,4.7619047619047614e-5,7000.0,0.11466311528320344,0.007198372480750719,0.00025351843957003
154.00000000000006,0.003666666666666668,4.7619047619047614e-5,7000.0,0.11389431011389908,0.007144516702815501,0.0002537168460607684
156.00000000000006,0.0037142857142857155,4.7619047619047614e-5,7000.0,0.11296327473881616,0.007084663721305451,0.00025376876404823345
158.00000000000006,0.003761904761904763,4.7619047619047614e-5,7000.0,0.11203677648484178,0.007017784666839207,0.0002540859777288596
160.00000000000006,0.003809523809523811,4.7619047619047614e-5,7000.0,0.11099204543128577,0.00694134967883452,0.00025448844232891843
162.00000000000006,0.0038571428571428585,4.7619047619047614e-5,7000.0,0.10975704353459542,0.006855179185863938,0.0002548201227723521
164.00000000000006,0.003904761904761906,4.7619047619047614e-5,7000.0,0.10843291467413135,0.006756919131879337,0.00025540685077652785
166.00000000000006,0.003952380952380954,4.7619047619047614e-5,7000.0,0.10687528457401116,0.006644201424031069,0.00025600864195334677
168.00000000000006,0.004000000000000001,4.7619047619047614e-5,7000.0,0.10517957013431724,0.006522714785975709,0.00025663928361775246
170.00000000000003,0.004047619047619048,4.7619047619047614e-5,7000.0,0.10312882309114814,0.006411028811811538,0.0002560191577982932
172.00000000000003,0.004095238095238095,4.7619047619047614e-5,7000.0,0.10159405120363534,0.006324830280994135,0.00025564631333076997
174.0,0.004142857142857143,4.7619047619047614e-5,7000.0,0.10031716737727686,0.006255703484874272,0.0002552226636648448
175.99999999999997,0.00419047619047619,4.7619047619047614e-5,7000.0,0.0981867051277781,0.006207676227586044,0.0002517350920711438
177.99999999999997,0.004238095238095237,4.7619047619047614e-5,7000.0,0.09601553571039748,0.006219612402240813,0.00024569613238954513
179.99999999999994,0.004285714285714284,4.7619047619047614e-5,7000.0,0.093487532245967,0.0062629140951594,0.0002375731592088829
181.99999999999994,0.004333333333333331,4.7619047619047614e-5,7000.0,0.09177561180596663,0.006322555688140932,0.00023102275400436003
183.99999999999991,0.004380952380952379,4.7619047619047614e-5,7000.0,0.09067240156465034,0.006400365326221399,0.00022547089385516458
185.9999999999999,0.004428571428571426,4.7619047619047614e-5,7000.0,0.09080794628917911,0.006491386061931895,0.000222641719134557
187.9999999999999,0.004476190476190473,4.7619047619047614e-5,7000.0,0.09178398264378058,0.006593030040917563,0.0002215654174751099
189.99999999999986,0.00452380952380952,4.7619047619047614e-5,7000.0,0.0931250924355719,0.006702837850484695,0.0002211200556781958
191.99999999999986,0.0045714285714285674,4.7619047619047614e-5,7000.0,0.09444496469383763,0.0068149393281508215,0.00022056517684717873
193.99999999999983,0.004619047619047615,4.7619047619047614e-5,7000.0,0.09580211225100596,0.006922791574160497,0.00022024900735569556
195.9999999999998,0.004666666666666662,4.7619047619047614e-5,7000.0,0.09703045820203587,0.007022461145760432,0.00021990690632227495
197.9999999999998,0.004714285714285709,4.7619047619047614e-5,7000.0,0.09813616572573591,0.00711429379724947,0.00021954190136728506
199.99999999999974,0.004761904761904756,4.7619047619047614e-5,7000.0,0.09891623953765354,0.007200191300248004,0.00021864708613974305
201.99999999999974,0.0048095238095238035,4.7619047619047614e-5,7000.0,0.09976985653020322,0.007283555138996677,0.00021800982535759866
203.99999999999972,0.004857142857142851,4.7619047619047614e-5,7000.0,0.10033185873591054,0.007363280749037703,0.0002168640828954512
205.99999999999972,0.004904761904761898,4.7619047619047614e-5,7000.0,0.10096053395138646,0.007437259108632342,0.00021605228217623761
207.9999999999997,0.004952380952380945,4.7619047619047614e-5,7000.0,0.10163116009087596,0.007502392077178396,0.00021559925600036126
209.99999999999966,0.004999999999999992,4.7619047619047614e-5,7000.0,0.10228182593905975,0.007559809082923049,0.00021533160438453762
211.99999999999966,0.0050476190476190395,4.7619047619047614e-5,7000.0,0.1027473939655661,0.007614589693478487,0.00021475557183909117
213.99999999999963,0.005095238095238087,4.7619047619047614e-5,7000.0,0.10313153977973812,0.00766729179465441,0.00021407681857194257
215.99999999999963,0.005142857142857134,4.7619047619047614e-5,7000.0,0.10355327603294055,0.007717199308353105,0.00021356213692916954
217.9999999999996,0.005190476190476181,4.7619047619047614e-5,7000.0,0.10399385231620285,0.007762186140563306,0.00021322776016411156
219.99999999999957,0.005238095238095228,4.7619047619047614e-5,7000.0,0.10443330592809016,0.0078002967564213075,0.00021308262212204937
221.99999999999957,0.0052857142857142755,4.7619047619047614e-5,7000.0,0.10487238281487671,0.007833493535216545,0.0002130717034969988
223.99999999999955,0.005333333333333323,4.7619047619047614e-5,7000.0,0.10525046434671013,0.007863272532026245,0.00021303002783218682
225.99999999999955,0.00538095238095237,4.7619047619047614e-5,7000.0,0.10542914872948882,0.007891267865483964,0.0002126346545611741
227.99999999999952,0.005428571428571417,4.7619047619047614e-5,7000.0,0.10552987177649724,0.007918710510011986,0.00021210019883727263
229.9999999999995,0.005476190476190464,4.7619047619047614e-5,7000.0,0.10566682141976187,0.007945058390177213,0.00021167115613090616
231.9999999999995,0.005523809523809512,4.7619047619047614e-5,7000.0,0.1058568056501314,0.007970908474448925,0.000211364036271929
233.9999999999995,0.005571428571428559,4.7619047619047614e-5,7000.0,0.10611604162064835,0.00799706247758977,0.0002111887035095619
235.99999999999946,0.005619047619047606,4.7619047619047614e-5,7000.0,0.10647952910184745,0.008023769071812424,0.00021120676882626662
237.99999999999943,0.005666666666666653,4.7619047619047614e-5,7000.0,0.10651679594882688,0.008049653120966633,0.00021060130595454565
239.9999999999994,0.0057142857142857,4.7619047619047614e-5,7000.0,0.10646979574351775,0.008079119270489666,0.00020974061299553336
241.9999999999994,0.005761904761904748,4.7619047619047614e-5,7000.0,0.10648718641352807,0.00811131106472818,0.00020894232705929468
243.9999999999994,0.005809523809523795,4.7619047619047614e-5,7000.0,0.10658397070523107,0.008141953935951598,0.00020834514571736745
245.99999999999937,0.005857142857142842,4.7619047619047614e-5,7000.0,0.10679478318538943,0.008169846062231057,0.00020804452753348898
247.99999999999935,0.005904761904761889,4.7619047619047614e-5,7000.0,0.1069209734894418,0.008195771170561089,0.0002076314857614206
249.99999999999935,0.0059523809523809364,4.7619047619047614e-5,7000.0,0.10668604254368903,0.008222699917104838,0.00020649678573845815
251.9999999999993,0.005999999999999984,4.7619047619047614e-5,7000.0,0.10652043420594266,0.008254446244743056,0.0002053832945482887
253.9999999999993,0.006047619047619031,4.7619047619047614e-5,7000.0,0.1064041267461802,0.008287225342552699,0.00020434755949106065
255.99999999999926,0.006095238095238078,4.7619047619047614e-5,7000.0,0.10633848772355695,0.008317248488377166,0.00020348431318087417
257.99999999999926,0.006142857142857125,4.7619047619047614e-5,7000.0,0.10631918458853355,0.008343381303230086,0.00020281014564459417
259.99999999999926,0.0061904761904761725,4.7619047619047614e-5,7000.0,0.10629070738497531,0.008366033439670751,0.0002022068356174155
261.9999999999992,0.00623809523809522,4.7619047619047614e-5,7000.0,0.10624703999145782,0.008383934540061658,0.00020169219502754417
263.99999999999926,0.006285714285714267,4.7619047619047614e-5,7000.0,0.10618903187332945,0.008397289450514614,0.000201261483534398
265.9999999999992,0.006333333333333314,4.7619047619047614e-5,7000.0,0.10610155618251542,0.0084064602087631,0.00020087631079948237
267.9999999999992,0.006380952380952361,4.7619047619047614e-5,7000.0,0.1059964733300667,0.00841325955003299,0.00020051518178495063
269.99999999999915,0.0064285714285714085,4.7619047619047614e-5,7000.0,0.10588905480115735,0.008418495673797068,0.00020018738672501489
271.99999999999915,0.006476190476190456,4.7619047619047614e-5,7000.0,0.10580083641940612,0.008422387684929459,0.0001999281763001217
273.99999999999915,0.006523809523809503,4.7619047619047614e-5,7000.0,0.1057426673340516,0.008424770514756926,0.00019976174036381777
275.9999999999991,0.00657142857142855,4.7619047619047614e-5,7000.0,0.10571943512254874,0.008425666046905863,0.0001996966244207537
277.9999999999991,0.006619047619047597,4.7619047619047614e-5,7000.0,0.10573594436673127,0.008425673373076653,0.00019972763556475254
279.99999999999903,0.0066666666666666445,4.7619047619047614e-5,7000.0,0.10578158239874332,0.008425169807489032,0.00019982578525453118
281.99999999999903,0.006714285714285692,4.7619047619047614e-5,7000.0,0.10582982805357159,0.008423592546562976,0.00019995435638875644
283.99999999999903,0.006761904761904739,4.7619047619047614e-5,7000.0,0.10587902072258644,0.008419719974242828,0.00020013931068110435
285.99999999999903,0.006809523809523786,4.7619047619047614e-5,7000.0,0.10595985771062884,0.008412933074156997,0.00020045369403643202
287.999999999999,0.006857142857142833,4.7619047619047614e-5,7000.0,0.10588349097680869,0.00840285204495477,0.00020054953830709642
289.999999999999,0.006904761904761881,4.7619047619047614e-5,7000.0,0.10579932709190963,0.008394266733302092,0.00020059507777697057
291.999999999999,0.006952380952380928,4.7619047619047614e-5,7000.0,0.10574343339921892,0.008384719652334309,0.00020071738618367463
293.999999999999,0.006999999999999975,4.7619047619047614e-5,7000.0,0.10568485040255654,0.008373974652220879,0.00020086359285830202
295.9999999999989,0.007047619047619022,4.7619047619047614e-5,7000.0,0.10560145250298686,0.00835965179194944,0.00020104896210772718
297.9999999999989,0.007095238095238069,4.7619047619047614e-5,7000.0,0.10556628778882882,0.008346852918134928,0.00020129019512192273
299.9999999999989,0.007142857142857117,4.7619047619047614e-5,7000.0,0.1055623447682875,0.008333310662923171,0.00020160977616008423
301.9999999999989,0.007190476190476164,4.7619047619047614e-5,7000.0,0.10555320831030547,0.008320858070925004,0.0002018940200469747
303.9999999999989,0.007238095238095211,4.7619047619047614e-5,7000.0,0.10554718330448003,0.008311204468383767,0.00020211698576585551
305.99999999999886,0.007285714285714258,4.7619047619047614e-5,7000.0,0.10554534496989063,0.008300882830792921,0.00020236478112886232
307.99999999999886,0.0073333333333333054,4.7619047619047614e-5,7000.0,0.10552259246358117,0.00828603750667614,0.00020268363720196879
309.9999999999988,0.007380952380952353,4.7619047619047614e-5,7000.0,0.10551153448232173,0.0082689056812735,0.00020308228093715802
311.99999999999886,0.0074285714285714,4.7619047619047614e-5,7000.0,0.1055238695544282,0.008251886055882889,0.000203524931634247
313.9999999999988,0.007476190476190447,4.7619047619047614e-5,7000.0,0.10548977852328288,0.008232914646745085,0.00020392801842403913
315.9999999999988,0.007523809523809494,4.7619047619047614e-5,7000.0,0.10545198057158353,0.008211895431572826,0.0002043767374614942
317.99999999999875,0.0075714285714285415,4.7619047619047614e-5,7000.0,0.10540877672532618,0.008190330069985215,0.0002048309130127142
319.99999999999875,0.007619047619047589,4.7619047619047614e-5,7000.0,0.10537022649947023,0.008172857900227868,0.00020519373524940075
321.99999999999875,0.007666666666666636,4.7619047619047614e-5,7000.0,0.10532668764946966,0.008157979781420525,0.00020548301697298694
323.99999999999875,0.007714285714285683,4.7619047619047614e-5,7000.0,0.10526909005109177,0.008145399374221124,0.00020568784005166316
325.9999999999987,0.00776190476190473,4.7619047619047614e-5,7000.0,0.10515719725407882,0.00813305943079915,0.00020578095963859976
327.9999999999987,0.0078095238095237775,4.7619047619047614e-5,7000.0,0.10502161176445925,0.0081214183694358,0.00020581021545073807
329.9999999999986,0.007857142857142825,4.7619047619047614e-5,7000.0,0.10488579650279284,0.008108641244250673,0.00020586794347802884
331.9999999999987,0.007904761904761873,4.7619047619047614e-5,7000.0,0.10475081613922181,0.008091308356894325,0.00020604344125956013
333.9999999999987,0.00795238095238092,4.7619047619047614e-5,7000.0,0.10463203227195843,0.008072868040506633,0.0002062799126441291
335.9999999999987,0.007999999999999969,4.7619047619047614e-5,7000.0,0.1045354524787628,0.00805630115259278,0.00020651330772296895
337.99999999999875,0.008047619047619017,4.7619047619047614e-5,7000.0,0.10449277812332484,0.008042006704611035,0.00020679592502946285
339.99999999999875,0.008095238095238065,4.7619047619047614e-5,7000.0,0.10457133968542885,0.008031049505307458,0.00020723375700372462
341.9999999999988,0.008142857142857113,4.7619047619047614e-5,7000.0,0.10450534096749493,0.008020163611954963,0.0002073840684457869
343.9999999999988,0.008190476190476161,4.7619047619047614e-5,7000.0,0.10426097743032565,0.008015541689645992,0.00020701844706345389
345.9999999999988,0.00823809523809521,4.7619047619047614e-5,7000.0,0.10413358791780408,0.008012820722471373,0.00020683571782074397
347.9999999999988,0.008285714285714257,4.7619047619047614e-5,7000.0,0.10421699629205251,0.008004644704183501,0.0002072128211437184
349.9999999999988,0.008333333333333305,4.7619047619047614e-5,7000.0,0.10456345834435074,0.007980993565091415,0.0002085177882497929
351.99999999999886,0.008380952380952354,4.7619047619047614e-5,7000.0,0.10517245653620139,0.007934536671322453,0.00021096022399584067
353.99999999999886,0.008428571428571402,4.7619047619047614e-5,7000.0,0.10566686064147066,0.007862201706327385,0.00021390195546061987
355.9999999999989,0.00847619047619045,4.7619047619047614e-5,7000.0,0.10624266278787223,0.007775032085479109,0.00021747878033217494
357.9999999999989,0.008523809523809498,4.7619047619047614e-5,7000.0,0.10631756795423786,0.007679996576554673,0.00022032518255387512
359.9999999999989,0.008571428571428546,4.7619047619047614e-5,7000.0,0.10643279255323887,0.0076006851026195164,0.00022286550242798817
361.999999999999,0.008619047619047594,4.7619047619047614e-5,7000.0,0.10602171434433313,0.007538020724626672,0.0002238502722319488
363.999999999999,0.008666666666666642,4.7619047619047614e-5,7000.0,0.10544655503194854,0.007491456145193112,0.00022401973848721734
365.99999999999903,0.00871428571428569,4.7619047619047614e-5,7000.0,0.10476245561918024,0.007457772273577773,0.00022357162501878002
367.99999999999903,0.008761904761904738,4.7619047619047614e-5,7000.0,0.10400146699348957,0.007434686683578411,0.00022263678706707256
369.999999999999,0.008809523809523786,4.7619047619047614e-5,7000.0,0.10333122766218028,0.0074214046634841335,0.00022159788347222693
371.99999999999903,0.008857142857142834,4.7619047619047614e-5,7000.0,0.10279115507987786,0.007417768471927007,0.00022054773614197453
373.99999999999903,0.008904761904761882,4.7619047619047614e-5,7000.0,0.102415703009019,0.007423894651873411,0.00021956083899983146
375.9999999999991,0.00895238095238093,4.7619047619047614e-5,7000.0,0.1023802468032194,0.007438009806059267,0.00021906830964953352
377.9999999999991,0.008999999999999979,4.7619047619047614e-5,7000.0,0.1024542476887649,0.007454315744993783,0.0002187471059483801
379.9999999999991,0.009047619047619027,4.7619047619047614e-5,7000.0,0.10261988955391116,0.00746898700864258,0.0002186703854639264
381.99999999999915,0.009095238095238075,4.7619047619047614e-5,7000.0,0.1028699386146334,0.007478830035480847,0.00021891471190555145
383.99999999999915,0.009142857142857123,4.7619047619047614e-5,7000.0,0.10307283645460232,0.007483081838962059,0.0002192218630409615
385.9999999999992,0.00919047619047617,4.7619047619047614e-5,7000.0,0.10308675409562912,0.007481641978521381,0.0002192936594496143
387.9999999999992,0.009238095238095219,4.7619047619047614e-5,7000.0,0.10307328476871987,0.007476196195327823,0.00021942472272079008
389.9999999999992,0.009285714285714267,4.7619047619047614e-5,7000.0,0.10297082808995049,0.007468457718842188,0.0002194337425709098
391.9999999999992,0.009333333333333315,4.7619047619047614e-5,7000.0,0.1028618476693832,0.00746039708966517,0.00021943833974771222
393.9999999999992,0.009380952380952363,4.7619047619047614e-5,7000.0,0.1027495803998465,0.0074529736847594565,0.00021941716572398563
395.99999999999926,0.009428571428571411,4.7619047619047614e-5,7000.0,0.10265572173167652,0.007447238356320064,0.00021938555970075956
397.99999999999926,0.00947619047619046,4.7619047619047614e-5,7000.0,0.10258947755452502,0.00744366424590536,0.00021934926029205668
399.9999999999993,0.009523809523809507,4.7619047619047614e-5,7000.0,0.10254133678965772,0.007441468042033454,0.0002193110355260662
401.9999999999993,0.009571428571428555,4.7619047619047614e-5,7000.0,0.10250423818902372,0.007441198885147992,0.00021923962048929567
403.9999999999993,0.009619047619047603,4.7619047619047614e-5,7000.0,0.10246846984616881,0.007443502976153198,0.0002190952773086517
405.9999999999994,0.009666666666666652,4.7619047619047614e-5,7000.0,0.10246022957457436,0.007448205184876692,0.00021893934984813234
407.9999999999994,0.0097142857142857,4.7619047619047614e-5,7000.0,0.10248031842874322,0.0074546266862268685,0.000218793642312105
409.99999999999943,0.009761904761904748,4.7619047619047614e-5,7000.0,0.10252573084389213,0.007462720674808498,0.0002186531905581922
411.99999999999943,0.009809523809523796,4.7619047619047614e-5,7000.0,0.1025888694566733,0.007471722467978018,0.0002185242526099506
413.9999999999994,0.009857142857142844,4.7619047619047614e-5,7000.0,0.102666563432267,0.00748127232955174,0.00021841059034783146
415.99999999999943,0.009904761904761892,4.7619047619047614e-5,7000.0,0.1027386780706901,0.007490040557887946,0.00021830814313091018
417.99999999999943,0.00995238095238094,4.7619047619047614e-5,7000.0,0.10281120653301572,0.00749830083973305,0.00021822159546153606
419.9999999999995,0.009999999999999988,4.7619047619047614e-5,7000.0,0.10288487331995685,0.007506051388222836,0.00021815246540873365
421.9999999999995,0.010047619047619036,4.7619047619047614e-5,7000.0,0.10293782377243979,0.007514105996030887,0.00021803077429517355
423.9999999999995,0.010095238095238084,4.7619047619047614e-5,7000.0,0.10298084252302205,0.007522558972484838,0.000217876791544688
425.9999999999996,0.010142857142857132,4.7619047619047614e-5,7000.0,0.10301893697746675,0.007531365681345004,0.0002177025223014821
427.9999999999996,0.01019047619047618,4.7619047619047614e-5,7000.0,0.10304499450785382,0.007539832261425545,0.00021751306485565496
429.99999999999966,0.010238095238095228,4.7619047619047614e-5,7000.0,0.10306758330795524,0.007548121853703536,0.00021732181427288705
431.99999999999966,0.010285714285714277,4.7619047619047614e-5,7000.0,0.10309191778937442,0.007556286067146434,0.00021713826294030743
433.99999999999966,0.010333333333333325,4.7619047619047614e-5,7000.0,0.10310886885154963,0.007564380589721641,0.00021694157188013665
435.99999999999966,0.010380952380952373,4.7619047619047614e-5,7000.0,0.10310576482246221,0.007571933979421299,0.00021671863723803192
437.99999999999966,0.01042857142857142,4.7619047619047614e-5,7000.0,0.10311957695642243,0.007578831631313301,0.00021655040249674706
439.9999999999997,0.010476190476190469,4.7619047619047614e-5,7000.0,0.10315940096819713,0.007584665229800883,0.000216467412773582
441.9999999999997,0.010523809523809517,4.7619047619047614e-5,7000.0,0.10321522620999622,0.007589393487414101,0.00021644962118397453
443.9999999999998,0.010571428571428565,4.7619047619047614e-5,7000.0,0.10328259788746458,0.00759270719608483,0.0002164963769133457
445.9999999999998,0.010619047619047613,4.7619047619047614e-5,7000.0,0.1033387603167406,0.007594693796805922,0.00021655744072677266
447.9999999999998,0.010666666666666661,4.7619047619047614e-5,7000.0,0.10333037310644771,0.00759537707441085,0.0002165203845748057
449.99999999999983,0.01071428571428571,4.7619047619047614e-5,7000.0,0.10331045768835558,0.007594954522873344,0.00021649069740535288
451.99999999999983,0.010761904761904757,4.7619047619047614e-5,7000.0,0.10328557194764579,0.007593129667279329,0.0002164905651009569
453.99999999999983,0.010809523809523805,4.7619047619047614e-5,7000.0,0.10326044511499266,0.00758966162239291,0.00021653679812854302
455.99999999999983,0.010857142857142853,4.7619047619047614e-5,7000.0,0.10323845000996155,0.00758488720357726,0.00021662694770835356
457.99999999999983,0.010904761904761901,4.7619047619047614e-5,7000.0,0.10321891153230489,0.007579095337301137,0.00021675146254039856
459.9999999999999,0.01095238095238095,4.7619047619047614e-5,7000.0,0.10320242900157264,0.007572530173657349,0.00021690473775633304
461.9999999999999,0.010999999999999998,4.7619047619047614e-5,7000.0,0.10318730403803507,0.007565763503962125,0.00021706691589525777
463.99999999999994,0.011047619047619046,4.7619047619047614e-5,7000.0,0.10317142513194955,0.007559082032106499,0.00021722534860505176
465.99999999999994,0.011095238095238094,4.7619047619047614e-5,7000.0,0.10314463309339832,0.00755290478451906,0.00021734655312829476
467.99999999999994,0.011142857142857142,4.7619047619047614e-5,7000.0,0.10311588651741346,0.0075470008322571945,0.00021745595919910445
470.0,0.01119047619047619,4.7619047619047614e-5,7000.0,0.10310352255383994,0.007541734845425678,0.00021758170501821913
471.99999999999994,0.011238095238095238,4.7619047619047614e-5,7000.0,0.10310073041988466,0.007536910568755009,0.00021771508011166594
474.00000000000006,0.011285714285714286,4.7619047619047614e-5,7000.0,0.10310834078773996,0.007532978100442955,0.00021784481371859494
476.0,0.011333333333333334,4.7619047619047614e-5,7000.0,0.10311881043796078,0.007529703966782097,0.00021796166860423586
478.00000000000006,0.011380952380952382,4.7619047619047614e-5,7000.0,0.10313320999727658,0.007527426333847802,0.00021805806447009897
480.00000000000006,0.01142857142857143,4.7619047619047614e-5,7000.0,0.1031379304771673,0.007525656027182142,0.0002181193426383017
482.0000000000001,0.011476190476190478,4.7619047619047614e-5,7000.0,0.10313164633021053,0.007523945586207515,0.000218155635425477
484.0000000000001,0.011523809523809526,4.7619047619047614e-5,7000.0,0.10311809672422051,0.007522453972128871,0.00021817022578927544
486.00000000000017,0.011571428571428575,4.7619047619047614e-5,7000.0,0.10310911872934897,0.007521183205004539,0.0002181880892451298
488.00000000000017,0.011619047619047623,4.7619047619047614e-5,7000.0,0.10310102535432829,0.007519974106155854,0.00021820604155474066
490.0000000000001,0.01166666666666667,4.7619047619047614e-5,7000.0,0.10309304204731938,0.007518874406012873,0.00021822105749086772
492.00000000000017,0.011714285714285719,4.7619047619047614e-5,7000.0,0.10305460694683273,0.007516031674899431,0.00021822220572534072
494.00000000000017,0.011761904761904767,4.7619047619047614e-5,7000.0,0.10300733212858063,0.007512828454770211,0.000218215099435192
496.0000000000002,0.011809523809523815,4.7619047619047614e-5,7000.0,0.10298375436784828,0.007511378100128109,0.00021820727631225324
498.0000000000002,0.011857142857142863,4.7619047619047614e-5,7000.0,0.10298307960342756,0.007511396681309543,0.0002182053068039292
500.0000000000003,0.011904761904761911,4.7619047619047614e-5,7000.0,0.1029991064689656,0.007512340864422961,0.00021821183602327738
502.0000000000002,0.011952380952380959,4.7619047619047614e-5,7000.0,0.10304086453854747,0.0075150008959260295,0.0002182230336214938
504.00000000000034,0.012000000000000007,4.7619047619047614e-5,7000.0,0.1031061536872601,0.007519025162895302,0.0002182444355087284
506.0000000000003,0.012047619047619055,4.7619047619047614e-5,7000.0,0.1031988145684685,0.007524367550022908,0.00021828547516589163
508.00000000000034,0.012095238095238103,4.7619047619047614e-5,7000.0,0.10331620494056262,0.007530848864671051,0.00021834570064106694
510.00000000000034,0.012142857142857151,4.7619047619047614e-5,7000.0,0.10346372867614208,0.007538533090510176,0.00021843459001666719
512.0000000000003,0.0121904761904762,4.7619047619047614e-5,7000.0,0.10363852094385888,0.007546537010083007,0.00021857154985007666
514.0000000000005,0.012238095238095248,4.7619047619047614e-5,7000.0,0.10378872865399798,0.007554010086867572,0.00021867179170470175
516.0000000000003,0.012285714285714296,4.7619047619047614e-5,7000.0,0.10395096602660277,0.007559940455632571,0.00021884180410422532
518.0000000000005,0.012333333333333344,4.7619047619047614e-5,7000.0,0.10413700228850828,0.007563300715911803,0.0002191360531007264
520.0000000000005,0.012380952380952392,4.7619047619047614e-5,7000.0,0.10434592335559416,0.007563837670776281,0.00021956009920327203
522.0000000000005,0.01242857142857144,4.7619047619047614e-5,7000.0,0.10454837766441549,0.007561700908697845,0.00022004825763989917
524.0000000000005,0.012476190476190488,4.7619047619047614e-5,7000.0,0.10473448108248323,0.007556451968923684,0.0002205930831691118
526.0000000000006,0.012523809523809536,4.7619047619047614e-5,7000.0,0.10491604025096872,0.007548994507537957,0.0002211937814883351
528.0000000000006,0.012571428571428584,4.7619047619047614e-5,7000.0,0.10509509371610581,0.007539068768323753,0.00022186299360873454
530.0000000000005,0.012619047619047632,4.7619047619047614e-5,7000.0,0.1052832425968334,0.007526731260566193,0.00022262450862060867
532.0000000000006,0.01266666666666668,4.7619047619047614e-5,7000.0,0.10536984445167684,0.00751254560116949,0.00022322835011740708
534.0000000000006,0.012714285714285728,4.7619047619047614e-5,7000.0,0.10534735780752118,0.007497444506524998,0.00022363023457053536
536.0000000000006,0.012761904761904776,4.7619047619047614e-5,7000.0,0.10532314777467228,0.007483285867063956,0.00022400186078838175
538.0000000000006,0.012809523809523824,4.7619047619047614e-5,7000.0,0.10532708686331081,0.007469985748034267,0.00022440908297819223
540.0000000000007,0.012857142857142873,4.7619047619047614e-5,7000.0,0.10517272958221169,0.007457742275610182,0.00022444808593371054
542.0000000000007,0.01290476190476192,4.7619047619047614e-5,7000.0,0.10506268624555871,0.007447721811888477,0.0002245149090263032
544.0000000000007,0.012952380952380969,4.7619047619047614e-5,7000.0,0.10490764232480004,0.007440905277814116,0.00022438895834208693
546.0000000000007,0.013000000000000017,4.7619047619047614e-5,7000.0,0.10468840402948955,0.007437526162481887,0.00022402175967788177
548.0000000000007,0.013047619047619065,4.7619047619047614e-5,7000.0,0.10453364208519879,0.007437977639329562,0.00022367700824061615
550.0000000000007,0.013095238095238113,4.7619047619047614e-5,7000.0,0.10431475929202719,0.007441337924219119,0.00022310785705259524
552.0000000000007,0.013142857142857161,4.7619047619047614e-5,7000.0,0.10422770544830862,0.007447549228258234,0.00022273574864444266
554.0000000000007,0.013190476190476209,4.7619047619047614e-5,7000.0,0.10421554302505927,0.007455769263734146,0.0002224642184157016
556.0000000000007,0.013238095238095257,4.7619047619047614e-5,7000.0,0.10443119346010334,0.007465264390610428,0.00022264101822122332
558.0000000000008,0.013285714285714305,4.7619047619047614e-5,7000.0,0.10492950409234392,0.007473384478891759,0.00022346032509964315
560.0000000000008,0.013333333333333353,4.7619047619047614e-5,7000.0,0.10562779271428385,0.007476617932042019,0.00022485013265580742
562.0000000000008,0.013380952380952401,4.7619047619047614e-5,7000.0,0.10627306666853135,0.007472400870237016,0.0002263513985873033
564.0000000000008,0.01342857142857145,4.7619047619047614e-5,7000.0,0.10658360243997667,0.007461348885462327,0.00022734906839586268
566.000000000001,0.013476190476190497,4.7619047619047614e-5,7000.0,0.10661507838764621,0.007447379225961758,0.00022784279165443598
568.0000000000008,0.013523809523809546,4.7619047619047614e-5,7000.0,0.10650404038761913,0.007432738026103655,0.00022805384001720573
570.000000000001,0.013571428571428594,4.7619047619047614e-5,7000.0,0.10644385399835292,0.007419682674495743,0.00022832601162072242
572.000000000001,0.013619047619047642,4.7619047619047614e-5,7000.0,0.1063153588016178,0.007409005470082761,0.00022837903073753442
574.000000000001,0.01366666666666669,4.7619047619047614e-5,7000.0,0.10614761123282054,0.007400287374982675,0.0002282873106010932
576.000000000001,0.013714285714285738,4.7619047619047614e-5,7000.0,0.10603441518592392,0.00739312604706016,0.00022826475846991334
578.000000000001,0.013761904761904786,4.7619047619047614e-5,7000.0,0.10594160815384489,0.007387300408362834,0.00022824482131119674
580.0000000000011,0.013809523809523834,4.7619047619047614e-5,7000.0,0.10582961843412939,0.007383282667511002,0.0002281276182671055
582.000000000001,0.013857142857142882,4.7619047619047614e-5,7000.0,0.10572695871010486,0.007380643936531426,0.00022798780487836177
584.0000000000011,0.01390476190476193,4.7619047619047614e-5,7000.0,0.10562609735508947,0.007378459703254624,0.00022783773564763118
586.0000000000011,0.013952380952380978,4.7619047619047614e-5,7000.0,0.10551258186071233,0.007375514264077897,0.0002276837703820792
588.0000000000011,0.014000000000000026,4.7619047619047614e-5,7000.0,0.10537754392972139,0.007371103079129112,0.00022752845574478152
590.0000000000011,0.014047619047619074,4.7619047619047614e-5,7000.0,0.10521300595179611,0.007364025156146079,0.00022739153682561355
592.0000000000013,0.014095238095238122,4.7619047619047614e-5,7000.0,0.10501378005984918,0.007353636759218809,0.00022728158510600157
594.0000000000013,0.01414285714285717,4.7619047619047614e-5,7000.0,0.10479215629930339,0.007341076998231724,0.0002271899569546809
596.0000000000011,0.014190476190476219,4.7619047619047614e-5,7000.0,0.10456443933093938,0.007327853252166029,0.00022710535839718724
598.0000000000013,0.014238095238095267,4.7619047619047614e-5,7000.0,0.10434980035579183,0.007315400022576074,0.00022702499502451484
600.0000000000013,0.014285714285714315,4.7619047619047614e-5,7000.0,0.10416401431017033,0.0073046007668548475,0.0002269558364501369
602.0000000000013,0.014333333333333363,4.7619047619047614e-5,7000.0,0.10400171075673965,0.007295226155447306,0.00022689339582144524
604.0000000000013,0.014380952380952411,4.7619047619047614e-5,7000.0,0.10386920744686716,0.007288064489348459,0.0002268269967200069
606.0000000000014,0.014428571428571459,4.7619047619047614e-5,7000.0,0.10376044681160083,0.0072824049335493786,0.00022676558304814278
608.0000000000014,0.014476190476190507,4.7619047619047614e-5,7000.0,0.10366678472326359,0.007277390901809186,0.00022671698477883125
610.0000000000014,0.014523809523809555,4.7619047619047614e-5,7000.0,0.10358393251314095,0.007273099216021942,0.00022666946228434265
612.0000000000014,0.014571428571428603,4.7619047619047614e-5,7000.0,0.10350928877379331,0.007269196318275721,0.0002266277349375994
614.0000000000015,0.014619047619047651,4.7619047619047614e-5,7000.0,0.10344029217219154,0.007265227440787805,0.0002266003913607556
616.0000000000014,0.0146666666666667,4.7619047619047614e-5,7000.0,0.10338104601306174,0.007261696316140171,0.00022658072960747393
618.0000000000014,0.014714285714285747,4.7619047619047614e-5,7000.0,0.10332331408185112,0.007258058240938953,0.00022656770759992798
620.0000000000015,0.014761904761904796,4.7619047619047614e-5,7000.0,0.10326390997261871,0.007254165361028621,0.00022655896160613993
622.0000000000015,0.014809523809523844,4.7619047619047614e-5,7000.0,0.10320528776948656,0.007250277214681205,0.00022655177471662445
624.0000000000015,0.014857142857142892,4.7619047619047614e-5,7000.0,0.10313774354269527,0.007245707043999289,0.00022654630672321415
626.0000000000015,0.01490476190476194,4.7619047619047614e-5,7000.0,0.1030575816211139,0.007240193127769254,0.00022654262460468835
628.0000000000016,0.014952380952380988,4.7619047619047614e-5,7000.0,0.10296607879136149,0.007233855968928813,0.00022653976635453272
630.0000000000015,0.015000000000000036,4.7619047619047614e-5,7000.0,0.10286956738728974,0.007227034272575383,0.00022654106132497548
632.0000000000016,0.015047619047619084,4.7619047619047614e-5,7000.0,0.10277652263591479,0.007220378828472174,0.00022654478386645985
634.0000000000016,0.015095238095238132,4.7619047619047614e-5,7000.0,0.10268507887665244,0.007213991062162678,0.00022654363921683314
636.0000000000015,0.01514285714285718,4.7619047619047614e-5,7000.0,0.10260531524286906,0.007208319175095353,0.00022654578288965388
638.0000000000016,0.015190476190476228,4.7619047619047614e-5,7000.0,0.10253595784907636,0.0072031035938515155,0.00022655657139614824
640.0000000000016,0.015238095238095276,4.7619047619047614e-5,7000.0,0.10247796476685689,0.007198297433907195,0.00022657961553263376
642.0000000000016,0.015285714285714324,4.7619047619047614e-5,7000.0,0.10243388184528351,0.007194255658525153,0.00022660938684392225
644.0000000000016,0.015333333333333372,4.7619047619047614e-5,7000.0,0.10240317658364959,0.007190638704528064,0.00022665541144956927
646.0000000000017,0.01538095238095242,4.7619047619047614e-5,7000.0,0.10238196633541055,0.007187364520272418,0.000226711696335822
648.0000000000017,0.015428571428571469,4.7619047619047614e-5,7000.0,0.10237172956838823,0.007184783630774492,0.00022677045866612144
650.0000000000017,0.015476190476190517,4.7619047619047614e-5,7000.0,0.10236812369306002,0.007182176499196581,0.0002268447858753622
652.0000000000017,0.015523809523809565,4.7619047619047614e-5,7000.0,0.1023743176331166,0.007180216884951829,0.00022692042535814845
654.0000000000018,0.015571428571428613,4.7619047619047614e-5,7000.0,0.10238478569131587,0.007178449154071098,0.00022699951466447187
656.0000000000017,0.01561904761904766,4.7619047619047614e-5,7000.0,0.1023989051801569,0.007176681743930732,0.00022708673044339413
658.0000000000017,0.015666666666666707,4.7619047619047614e-5,7000.0,0.10242019408856846,0.007175218310244452,0.00022718026764918938
660.0000000000017,0.015714285714285754,4.7619047619047614e-5,7000.0,0.10244742698716075,0.007174177225731645,0.0002272736496329004
662.0000000000016,0.0157619047619048,4.7619047619047614e-5,7000.0,0.10247973437254801,0.0071732462855455615,0.00022737482644365892
664.0000000000016,0.015809523809523846,4.7619047619047614e-5,7000.0,0.10251888940151946,0.007172677885392032,0.00022747972611140543
666.0000000000015,0.015857142857142893,4.7619047619047614e-5,7000.0,0.10256577417666596,0.007172433735052637,0.00022759150596939832
668.0000000000015,0.01590476190476194,4.7619047619047614e-5,7000.0,0.10261987202801814,0.0071725422494910845,0.00022770810299340728
670.0000000000014,0.015952380952380985,4.7619047619047614e-5,7000.0,0.10268134484743105,0.007173132140050039,0.00022782577090066223
672.0000000000014,0.01600000000000003,4.7619047619047614e-5,7000.0,0.10274693156376212,0.007173783366103511,0.0002279505974931537
674.0000000000014,0.016047619047619078,4.7619047619047614e-5,7000.0,0.1028178388236992,0.007174733239695097,0.0002280777102106298
676.0000000000013,0.016095238095238124,4.7619047619047614e-5,7000.0,0.10289571193730218,0.007176093564960823,0.00022820718583914943
678.0000000000011,0.01614285714285717,4.7619047619047614e-5,7000.0,0.10297988698262539,0.00717761388004123,0.00022834549651527662
680.0000000000011,0.016190476190476217,4.7619047619047614e-5,7000.0,0.10306426867977495,0.007179101704866519,0.00022848524078462515
682.0000000000011,0.016238095238095263,4.7619047619047614e-5,7000.0,0.10314911526503978,0.007180752159525086,0.00022862077962418513
684.0000000000011,0.01628571428571431,4.7619047619047614e-5,7000.0,0.10323026404621101,0.007182525018295812,0.00022874416389480635
686.000000000001,0.016333333333333356,4.7619047619047614e-5,7000.0,0.10331762852353836,0.007185087497116339,0.00022885610362647312
688.0000000000008,0.016380952380952402,4.7619047619047614e-5,7000.0,0.10340661636178525,0.007188050590293364,0.00022895879676486394
690.0000000000008,0.01642857142857145,4.7619047619047614e-5,7000.0,0.10349900807278162,0.007191450194391702,0.0002290550347235564
692.0000000000008,0.016476190476190495,4.7619047619047614e-5,7000.0,0.10359490693317654,0.007195414282951374,0.00022914096213508224
694.0000000000007,0.01652380952380954,4.7619047619047614e-5,7000.0,0.10368952899918445,0.007199542588257157,0.00022921874389641685
696.0000000000007,0.016571428571428588,4.7619047619047614e-5,7000.0,0.10378420866321633,0.00720388792811392,0.0002292896556478798
698.0000000000006,0.016619047619047634,4.7619047619047614e-5,7000.0,0.10387520733556328,0.007208255636672144,0.0002293516426920577
700.0000000000006,0.01666666666666668,4.7619047619047614e-5,7000.0,0.10396218019013857,0.007212582298459362,0.00022940597676653467
702.0000000000005,0.016714285714285727,4.7619047619047614e-5,7000.0,0.10404622875408458,0.007217085939544118,0.00022944817000930255
704.0000000000005,0.016761904761904773,4.7619047619047614e-5,7000.0,0.10412734660567889,0.0072218848486665195,0.00022947446920864272
706.0000000000005,0.01680952380952382,4.7619047619047614e-5,7000.0,0.10420444683016916,0.007227036923562968,0.00022948067071728315
708.0000000000003,0.016857142857142866,4.7619047619047614e-5,7000.0,0.10427062522678629,0.007232602763432015,0.00022944970112323394
710.0000000000002,0.016904761904761912,4.7619047619047614e-5,7000.0,0.10433207417969792,0.007238791197219381,0.00022938864896541916
712.0000000000002,0.01695238095238096,4.7619047619047614e-5,7000.0,0.10439352118032331,0.007245791875452266,0.00022930198946101904
714.0000000000002,0.017000000000000005,4.7619047619047614e-5,7000.0,0.1044490976577502,0.007253461100082669,0.0002291814895585446
716.0000000000002,0.01704761904761905,4.7619047619047614e-5,7000.0,0.10449862420595046,0.0072620590029350085,0.00022901869265944667
718.0,0.017095238095238097,4.7619047619047614e-5,7000.0,0.10454147103020335,0.0072715565132123764,0.00022881334749064194
720.0,0.017142857142857144,4.7619047619047614e-5,7000.0,0.10457224740380446,0.007281828044730923,0.0002285578563831508
722.0,0.01719047619047619,4.7619047619047614e-5,7000.0,0.10459536185218117,0.007293333644252349,0.00022824773519553677
724.0,0.017238095238095236,4.7619047619047614e-5,7000.0,0.1046086171194301,0.007305786903119342,0.0002278875462060928
725.9999999999999,0.017285714285714283,4.7619047619047614e-5,7000.0,0.1046090102578722,0.007319676032586513,0.0002274559830294561
727.9999999999998,0.01733333333333333,4.7619047619047614e-5,7000.0,0.10459771549756174,0.00733535011333623,0.00022694545182363863
729.9999999999998,0.017380952380952375,4.7619047619047614e-5,7000.0,0.10459012216606489,0.00735312859090024,0.0002263803051386114
731.9999999999998,0.017428571428571422,4.7619047619047614e-5,7000.0,0.10461408458780753,0.007373351267545435,0.00022581114170525495
733.9999999999997,0.017476190476190468,4.7619047619047614e-5,7000.0,0.10470443065776568,0.007395859205762958,0.00022531834691797537
735.9999999999997,0.017523809523809514,4.7619047619047614e-5,7000.0,0.10488257087429,0.007419787644082044,0.0002249738186529254
737.9999999999995,0.01757142857142856,4.7619047619047614e-5,7000.0,0.10516963605642028,0.007443447103897896,0.00022487252489225882
739.9999999999995,0.017619047619047607,4.7619047619047614e-5,7000.0,0.10558953741677213,0.007464312455450561,0.00022513924650078884
741.9999999999994,0.017666666666666653,4.7619047619047614e-5,7000.0,0.10617192066480835,0.00747995702173758,0.00022590752784084147
743.9999999999994,0.0177142857142857,4.7619047619047614e-5,7000.0,0.10695809335017391,0.007488122599945049,0.00022733213877253398
745.9999999999994,0.017761904761904746,4.7619047619047614e-5,7000.0,0.10782210013666267,0.007488144960253415,0.00022916784200073022
747.9999999999993,0.017809523809523792,4.7619047619047614e-5,7000.0,0.10846112750686808,0.007481902041987034,0.0002307183985992677
749.9999999999992,0.01785714285714284,4.7619047619047614e-5,7000.0,0.1086899191398349,0.007474499928902099,0.00023143404990177112
751.9999999999992,0.017904761904761885,4.7619047619047614e-5,7000.0,0.10875503048813465,0.007466978690013377,0.00023180594731636234
753.9999999999992,0.01795238095238093,4.7619047619047614e-5,7000.0,0.10874364140551172,0.007459551107622458,0.00023201246039878512
755.9999999999992,0.017999999999999978,4.7619047619047614e-5,7000.0,0.10877490543058362,0.0074524657349663605,0.000232299811891842
757.999999999999,0.018047619047619024,4.7619047619047614e-5,7000.0,0.10883742280635073,0.007445776691163352,0.0002326421346153326
759.9999999999989,0.01809523809523807,4.7619047619047614e-5,7000.0,0.10890281882335213,0.007439452656860601,0.0002329798001522839
761.9999999999989,0.018142857142857117,4.7619047619047614e-5,7000.0,0.1089895120843153,0.00743268988695401,0.0002333774159451888
763.9999999999989,0.018190476190476163,4.7619047619047614e-5,7000.0,0.10907067589385017,0.0074248244311558185,0.00023379862212011924
765.9999999999987,0.01823809523809521,4.7619047619047614e-5,7000.0,0.10914743692578824,0.007414762182747512,0.00023428066449614944
767.9999999999987,0.018285714285714256,4.7619047619047614e-5,7000.0,0.10920251434013246,0.007403076498603637,0.0002347688823501134
769.9999999999986,0.018333333333333302,4.7619047619047614e-5,7000.0,0.10922403932938787,0.007390163179936213,0.0002352254658047444
771.9999999999986,0.01838095238095235,4.7619047619047614e-5,7000.0,0.10922521093529985,0.007376849539551462,0.00023565252534166374
773.9999999999985,0.018428571428571395,4.7619047619047614e-5,7000.0,0.10920844231115621,0.00736326945044278,0.00023605089475764628
775.9999999999985,0.01847619047619044,4.7619047619047614e-5,7000.0,0.1091636974302004,0.007348959349734979,0.00023641363661687655
777.9999999999985,0.018523809523809488,4.7619047619047614e-5,7000.0,0.10908881240838944,0.007333770177977262,0.00023674076647447266
779.9999999999984,0.018571428571428534,4.7619047619047614e-5,7000.0,0.10898343431151963,0.007317343817595733,0.00023704301339646998
781.9999999999983,0.01861904761904758,4.7619047619047614e-5,7000.0,0.1088575060786977,0.007300598076960921,0.0002373122037734871
783.9999999999983,0.018666666666666627,4.7619047619047614e-5,7000.0,0.10871211421922766,0.007283787221580997,0.000237542226668797
785.9999999999983,0.018714285714285673,4.7619047619047614e-5,7000.0,0.10854858433521629,0.007267122202915217,0.00023772881864635276
787.9999999999983,0.01876190476190472,4.7619047619047614e-5,7000.0,0.10837802758430302,0.007250797075643081,0.00023788969174898318
789.9999999999982,0.018809523809523766,4.7619047619047614e-5,7000.0,0.10819531420199702,0.007234645836655501,0.0002380188258474462
791.9999999999981,0.018857142857142812,4.7619047619047614e-5,7000.0,0.10800153534276193,0.007218641951124689,0.00023811927960544566
793.9999999999981,0.01890476190476186,4.7619047619047614e-5,7000.0,0.1077894231392148,0.0072029577065611085,0.0002381690994798349
795.9999999999981,0.018952380952380905,4.7619047619047614e-5,7000.0,0.10756984769855357,0.007187705407430207,0.00023818829540745036
797.999999999998,0.01899999999999995,4.7619047619047614e-5,7000.0,0.10735570203632153,0.007173129560978237,0.00023819715652607132
799.999999999998,0.019047619047618997,4.7619047619047614e-5,7000.0,0.10714390305133607,0.007159368738257098,0.00023818415304769264
801.9999999999978,0.019095238095238044,4.7619047619047614e-5,7000.0,0.10693165658729688,0.007146125036574304,0.00023815286790772032
803.9999999999978,0.01914285714285709,4.7619047619047614e-5,7000.0,0.10672048487917635,0.0071338109470570595,0.0002380928345836207
805.9999999999977,0.019190476190476136,4.7619047619047614e-5,7000.0,0.10651414778367735,0.007122318588436527,0.0002380159342565188
807.9999999999977,0.019238095238095183,4.7619047619047614e-5,7000.0,0.10630943774056688,0.007111481888042469,0.00023792048942964655
809.9999999999977,0.01928571428571423,4.7619047619047614e-5,7000.0,0.10610540985369615,0.0071015034033517594,0.0002377975409972604
811.9999999999976,0.019333333333333275,4.7619047619047614e-5,7000.0,0.10590496011711358,0.007092445968043429,0.00023765141076201212
813.9999999999975,0.01938095238095232,4.7619047619047614e-5,7000.0,0.1057098237521716,0.0070843136547811495,0.0002374858285978996
815.9999999999975,0.019428571428571368,4.7619047619047614e-5,7000.0,0.10552285866196844,0.007076993683271852,0.00023731100120857022
817.9999999999975,0.019476190476190414,4.7619047619047614e-5,7000.0,0.10534471362892679,0.007070613319693587,0.00023712415238357905
819.9999999999975,0.01952380952380946,4.7619047619047614e-5,7000.0,0.10517887853312631,0.007065070641030033,0.0002369366037218924
821.9999999999972,0.019571428571428507,4.7619047619047614e-5,7000.0,0.10502179037483135,0.007060448504327333,0.00023673761036952285
823.9999999999972,0.019619047619047553,4.7619047619047614e-5,7000.0,0.10487918766778159,0.007056551552472099,0.00023654671861558674
825.9999999999972,0.0196666666666666,4.7619047619047614e-5,7000.0,0.10474881994367266,0.0070532662827180485,0.0002363627262723159
827.9999999999972,0.019714285714285646,4.7619047619047614e-5,7000.0,0.10463074138417065,0.007050580050737742,0.0002361862367468341
829.999999999997,0.019761904761904692,4.7619047619047614e-5,7000.0,0.10452205090748376,0.0070485718214024235,0.00023600810895502703
831.9999999999969,0.01980952380952374,4.7619047619047614e-5,7000.0,0.10441918329976235,0.007046671913302196,0.00023583940589605207
833.9999999999969,0.019857142857142785,4.7619047619047614e-5,7000.0,0.10432944331023883,0.0070453537822853,0.00023568080647135608
835.9999999999969,0.01990476190476183,4.7619047619047614e-5,7000.0,0.10424832866183231,0.007044271565669816,0.00023553374768312872
837.9999999999968,0.019952380952380878,4.7619047619047614e-5,7000.0,0.1041738832152989,0.007043419693089235,0.00023539401565208696
839.9999999999968,0.019999999999999924,4.7619047619047614e-5,7000.0,0.10410854823727493,0.007043021887226508,0.00023525967028633274
841.9999999999967,0.02004761904761897,4.7619047619047614e-5,7000.0,0.10404378959944356,0.007042622737245979,0.00023512665707889403
843.9999999999967,0.020095238095238017,4.7619047619047614e-5,7000.0,0.10398836796679117,0.007042557163899847,0.00023500359884631654
845.9999999999966,0.020142857142857063,4.7619047619047614e-5,7000.0,0.1039376669706601,0.007042391356019776,0.0002348945498133905
847.9999999999966,0.02019047619047611,4.7619047619047614e-5,7000.0,0.10389443318642004,0.0070424172186839525,0.00023479598109410837
849.9999999999966,0.020238095238095156,4.7619047619047614e-5,7000.0,0.10385610016416648,0.007042655481049799,0.00023470140994189605
851.9999999999965,0.020285714285714202,4.7619047619047614e-5,7000.0,0.1038211919213053,0.007042976830101701,0.00023461181671570951
853.9999999999964,0.02033333333333325,4.7619047619047614e-5,7000.0,0.10378665979204177,0.007043083369410453,0.00023453023436641467
855.9999999999964,0.020380952380952295,4.7619047619047614e-5,7000.0,0.10375273817081287,0.007043191949154296,0.00023444996612916098
857.9999999999964,0.02042857142857134,4.7619047619047614e-5,7000.0,0.10371954874812074,0.007043632138995093,0.0002343603208227641
859.9999999999964,0.020476190476190387,4.7619047619047614e-5,7000.0,0.10368673333371313,0.007044148823651126,0.0002342689877264431
861.9999999999962,0.020523809523809434,4.7619047619047614e-5,7000.0,0.10365232782809976,0.007044763663482711,0.00023417081288811052
863.9999999999961,0.02057142857142848,4.7619047619047614e-5,7000.0,0.10361476500002259,0.007045536349891232,0.00023406027885035732
865.9999999999961,0.020619047619047527,4.7619047619047614e-5,7000.0,0.10357736761291067,0.007046831626281636,0.00023393279309469743
867.9999999999961,0.020666666666666573,4.7619047619047614e-5,7000.0,0.10354014205032246,0.00704867407467176,0.0002337875924063522
869.999999999996,0.02071428571428562,4.7619047619047614e-5,7000.0,0.10350377002116308,0.007051064754707656,0.00023362622810287645
871.999999999996,0.020761904761904666,4.7619047619047614e-5,7000.0,0.10346983039534818,0.007054260053969439,0.00023344383170327402
873.9999999999959,0.020809523809523712,4.7619047619047614e-5,7000.0,0.10343421212692055,0.007058059678510837,0.00023323784290087447
875.9999999999959,0.020857142857142758,4.7619047619047614e-5,7000.0,0.10340190735415439,0.007062823386602814,0.00023300773330620664
877.9999999999958,0.020904761904761805,4.7619047619047614e-5,7000.0,0.10337137954121808,0.0070685256365432825,0.0002327510272178743
879.9999999999958,0.02095238095238085,4.7619047619047614e-5,7000.0,0.10334812810655336,0.007075434817721698,0.00023247144339814317
881.9999999999958,0.020999999999999897,4.7619047619047614e-5,7000.0,0.10333216608441327,0.007083593045343004,0.00023216784063476265
883.9999999999957,0.021047619047618944,4.7619047619047614e-5,7000.0,0.1033252558019998,0.00709295831317713,0.00023184578959913225
885.9999999999956,0.02109523809523799,4.7619047619047614e-5,7000.0,0.10332637054294225,0.007103475138249199,0.00023150503526232172
887.9999999999956,0.021142857142857036,4.7619047619047614e-5,7000.0,0.10334119555524245,0.007115249489109458,0.00023115510036319993
889.9999999999956,0.021190476190476083,4.7619047619047614e-5,7000.0,0.10337264407312048,0.007128482412747962,0.00023079621063937017
891.9999999999956,0.02123809523809513,4.7619047619047614e-5,7000.0,0.10341433938774648,0.007142772540718993,0.0002304273754528096
893.9999999999953,0.021285714285714175,4.7619047619047614e-5,7000.0,0.10346852431570557,0.0071580839098038555,0.00023005496033253053
895.9999999999952,0.02133333333333322,4.7619047619047614e-5,7000.0,0.10354265204231042,0.007174450527316312,0.0002296945923682064
897.9999999999952,0.021380952380952268,4.7619047619047614e-5,7000.0,0.10363765147217546,0.007191609621866993,0.0002293567836618709
899.9999999999952,0.021428571428571314,4.7619047619047614e-5,7000.0,0.10375430907107931,0.0072094879720199494,0.00022904554692141258
901.9999999999951,0.02147619047619036,4.7619047619047614e-5,7000.0,0.10388221475793029,0.007227323262339155,0.0002287619825200312
903.9999999999951,0.021523809523809407,4.7619047619047614e-5,7000.0,0.10402319435223263,0.007245212877130362,0.0002285068204086237
905.999999999995,0.021571428571428453,4.7619047619047614e-5,7000.0,0.10417592779308275,0.00726294843106084,0.00022828351346330242
907.999999999995,0.0216190476190475,4.7619047619047614e-5,7000.0,0.10433941748052561,0.007280155662723745,0.00022810135965062133
909.9999999999949,0.021666666666666546,4.7619047619047614e-5,7000.0,0.10450318787889991,0.007296924110750987,0.00022793438258844937
911.9999999999949,0.021714285714285592,4.7619047619047614e-5,7000.0,0.104658548955989,0.0073134377724162185,0.00022775780585697998
913.9999999999949,0.02176190476190464,4.7619047619047614e-5,7000.0,0.10481923516733788,0.007330165936890303,0.0002275869271121974
915.9999999999948,0.021809523809523685,4.7619047619047614e-5,7000.0,0.10498225137379681,0.007347449218647473,0.00022740469169423388
917.9999999999947,0.02185714285714273,4.7619047619047614e-5,7000.0,0.10517048724361198,0.007365415211749707,0.00022725674562789033
919.9999999999947,0.021904761904761778,4.7619047619047614e-5,7000.0,0.10542218616194678,0.0073841077414623394,0.00022722396024932662
921.9999999999947,0.021952380952380824,4.7619047619047614e-5,7000.0,0.10577456226942483,0.007402711258917571,0.0002274105236548428
923.9999999999945,0.02199999999999987,4.7619047619047614e-5,7000.0,0.10626930151543615,0.007419309686287286,0.00022796304980185188
925.9999999999944,0.022047619047618917,4.7619047619047614e-5,7000.0,0.10692890707507104,0.0074311174993840845,0.00022901352484094116
927.9999999999944,0.022095238095237963,4.7619047619047614e-5,7000.0,0.1076946784987259,0.007435526743007429,0.0002305168284665742
929.9999999999944,0.02214285714285701,4.7619047619047614e-5,7000.0,0.10847229421471476,0.0074329928097060195,0.00023226044010491998
931.9999999999944,0.022190476190476056,4.7619047619047614e-5,7000.0,0.108978626534446,0.00742651323684136,0.00023354818810906224
933.9999999999943,0.022238095238095102,4.7619047619047614e-5,7000.0,0.10916025826869781,0.007419478831665662,0.0002341592325663513
935.9999999999942,0.02228571428571415,4.7619047619047614e-5,7000.0,0.10923758519847684,0.007412931612043515,0.00023453206593075467
937.9999999999941,0.022333333333333195,4.7619047619047614e-5,7000.0,0.10930808188299954,0.007406871937181109,0.00023487541973344703
939.9999999999942,0.02238095238095224,4.7619047619047614e-5,7000.0,0.10937887207717843,0.007401236719808124,0.00023520647724060826
941.9999999999941,0.022428571428571287,4.7619047619047614e-5,7000.0,0.10945313180264701,0.007395721673679272,0.0002355416784446647
943.9999999999941,0.022476190476190334,4.7619047619047614e-5,7000.0,0.10952346024070561,0.007389911297057524,0.00023587833982226047
945.999999999994,0.02252380952380938,4.7619047619047614e-5,7000.0,0.10959136237441824,0.007383524446485596,0.00023622874371826384
947.9999999999939,0.022571428571428426,4.7619047619047614e-5,7000.0,0.10965078936908584,0.007376472611244951,0.00023658279589372627
949.999999999994,0.022619047619047473,4.7619047619047614e-5,7000.0,0.10969910246241985,0.007368724969280334,0.00023693589437011618
951.9999999999939,0.02266666666666652,4.7619047619047614e-5,7000.0,0.1097297148033179,0.007360216097575148,0.0002372760022734327
953.9999999999937,0.022714285714285565,4.7619047619047614e-5,7000.0,0.10974342344673754,0.007351109929719443,0.00023759960713907988
955.9999999999937,0.022761904761904612,4.7619047619047614e-5,7000.0,0.10973930188745787,0.0073415692114169265,0.00023789944416354304
957.9999999999935,0.022809523809523658,4.7619047619047614e-5,7000.0,0.10972104595945362,0.0073316501784836475,0.00023818166989074413
959.9999999999937,0.022857142857142704,4.7619047619047614e-5,7000.0,0.10967357886813643,0.007321189409552428,0.00023841880365324197
961.9999999999935,0.02290476190476175,4.7619047619047614e-5,7000.0,0.10959814549553414,0.007310572948147646,0.0002386008146425614
963.9999999999934,0.022952380952380797,4.7619047619047614e-5,7000.0,0.10949947225443708,0.007299667533878206,0.0002387421371503011
965.9999999999934,0.022999999999999843,4.7619047619047614e-5,7000.0,0.10939177782652919,0.007288359674826165,0.00023887737366800252
967.9999999999933,0.02304761904761889,4.7619047619047614e-5,7000.0,0.1092675063596548,0.00727679109139102,0.00023898533760352656
969.9999999999932,0.023095238095237936,4.7619047619047614e-5,7000.0,0.10912977725398922,0.007265127868810841,0.00023906727867864438
971.9999999999933,0.023142857142856983,4.7619047619047614e-5,7000.0,0.1089780558529026,0.007253282559652395,0.00023912478432889446
973.9999999999932,0.02319047619047603,4.7619047619047614e-5,7000.0,0.10881517534644063,0.007241414386578934,0.00023915870733616653
975.9999999999932,0.023238095238095075,4.7619047619047614e-5,7000.0,0.10864052470934422,0.007229586400934582,0.00023916550088334422
977.9999999999931,0.02328571428571412,4.7619047619047614e-5,7000.0,0.10845448608921823,0.007217803961071209,0.0002391456965953469
979.999999999993,0.023333333333333168,4.7619047619047614e-5,7000.0,0.10826658998751333,0.00720632151233409,0.0002391117706686274
981.9999999999931,0.023380952380952214,4.7619047619047614e-5,7000.0,0.10806944912531592,0.007195097775508898,0.0002390486906801711
983.999999999993,0.02342857142857126,4.7619047619047614e-5,7000.0,0.10786996132397181,0.00718421486478836,0.00023896887661289956
985.9999999999928,0.023476190476190307,4.7619047619047614e-5,7000.0,0.10766333833850897,0.007173789574619631,0.00023885775165432573
987.9999999999928,0.023523809523809353,4.7619047619047614e-5,7000.0,0.10745801723457817,0.0071639861142583795,0.00023872847245890645
989.9999999999927,0.0235714285714284,4.7619047619047614e-5,7000.0,0.10724787861658878,0.0071547451770053675,0.00023856936334794757
991.9999999999928,0.023619047619047446,4.7619047619047614e-5,7000.0,0.10703988622186818,0.007146055082026333,0.0002383962452661879
993.9999999999927,0.023666666666666492,4.7619047619047614e-5,7000.0,0.10683171377140588,0.0071381815525451775,0.0002381950529072109
995.9999999999926,0.02371428571428554,4.7619047619047614e-5,7000.0,0.10662719520679786,0.0071309241424151,0.00023798100843965575
997.9999999999926,0.023761904761904585,4.7619047619047614e-5,7000.0,0.10642891561917006,0.007124421920470748,0.0002377552620800133
999.9999999999925,0.02380952380952363,4.7619047619047614e-5,7000.0,0.10623602846754522,0.007118661276494847,0.00023751641507216716
1001.9999999999924,0.023857142857142678,4.7619047619047614e-5,7000.0,0.1060515727073783,0.0071134356819674656,0.00023727819823880702
1003.9999999999925,0.023904761904761724,4.7619047619047614e-5,7000.0,0.10587679532362503,0.007108924198346597,0.00023703748787197614
1005.9999999999924,0.02395238095238077,4.7619047619047614e-5,7000.0,0.10570999421842457,0.007104942009924088,0.00023679669855965096
1007.9999999999924,0.023999999999999817,4.7619047619047614e-5,7000.0,0.10555246564457015,0.0071014685516393285,0.0002365594741526077
1009.9999999999923,0.024047619047618863,4.7619047619047614e-5,7000.0,0.1054048311566153,0.007098472536816332,0.00023632830608746506
1011.9999999999922,0.02409523809523791,4.7619047619047614e-5,7000.0,0.10526095272274807,0.007095931135436279,0.00023609024130358396
1013.9999999999923,0.024142857142856956,4.7619047619047614e-5,7000.0,0.10512384138504778,0.007093773912286143,0.00023585441543691295
1015.9999999999922,0.024190476190476002,4.7619047619047614e-5,7000.0,0.10500082302152566,0.007091798936959338,0.00023564401869179656
1017.999999999992,0.02423809523809505,4.7619047619047614e-5,7000.0,0.10489098705643969,0.007090140204162744,0.00023545259466123256
1019.999999999992,0.024285714285714095,4.7619047619047614e-5,7000.0,0.10479015645575447,0.0070886654911816675,0.00023527519260224314
1021.9999999999919,0.02433333333333314,4.7619047619047614e-5,7000.0,0.10469915261017212,0.007087350429259943,0.00023511448801299915
1023.999999999992,0.024380952380952187,4.7619047619047614e-5,7000.0,0.10461641462810806,0.007086205291591732,0.00023496665466877305
1025.9999999999918,0.024428571428571234,4.7619047619047614e-5,7000.0,0.10453939025907338,0.007085142230282432,0.00023482888792877531
1027.9999999999918,0.02447619047619028,4.7619047619047614e-5,7000.0,0.10447034318679427,0.007084405059817702,0.0002346982052027509
1029.9999999999918,0.024523809523809326,4.7619047619047614e-5,7000.0,0.1044042538122035,0.007083815430665656,0.00023456925489759154
1031.9999999999916,0.024571428571428373,4.7619047619047614e-5,7000.0,0.1043414248159478,0.00708353268904524,0.0002344374517307093
1033.9999999999916,0.02461904761904742,4.7619047619047614e-5,7000.0,0.10428232876753837,0.007083473019621326,0.0002343066466761971
1035.9999999999916,0.024666666666666465,4.7619047619047614e-5,7000.0,0.10422700461733508,0.007083663822504736,0.00023417603381755613
1037.9999999999916,0.02471428571428551,4.7619047619047614e-5,7000.0,0.1041727174050464,0.007084144315820518,0.00023403818684639447
1039.9999999999916,0.024761904761904558,4.7619047619047614e-5,7000.0,0.10412110763786782,0.007084914601823282,0.0002338968059898049
1041.9999999999914,0.024809523809523604,4.7619047619047614e-5,7000.0,0.10407174627778519,0.0070859239725294424,0.0002337526188613965
1043.9999999999914,0.02485714285714265,4.7619047619047614e-5,7000.0,0.10402705030667787,0.0070874022844111696,0.00023360349260818884
1045.9999999999914,0.024904761904761697,4.7619047619047614e-5,7000.0,0.10398504874233798,0.007089231170537913,0.0002334489328514733
1047.9999999999914,0.024952380952380743,4.7619047619047614e-5,7000.0,0.1039479622969412,0.007091532289005118,0.0002332899484860009
1049.9999999999911,0.02499999999999979,4.7619047619047614e-5,7000.0,0.10391300646217094,0.007094137657930165,0.0002331258487986529
1051.9999999999911,0.025047619047618836,4.7619047619047614e-5,7000.0,0.1038835070088592,0.007097208727143712,0.00023295881918968832
1053.9999999999911,0.025095238095237882,4.7619047619047614e-5,7000.0,0.10385903568112126,0.007100830333945906,0.00023278515520061015
1055.9999999999911,0.02514285714285693,4.7619047619047614e-5,7000.0,0.10384217813730304,0.007105124905624399,0.00023260669124758378
1057.9999999999911,0.025190476190475975,4.7619047619047614e-5,7000.0,0.10382335727714712,0.007109789614605092,0.0002324119476771843
1059.999999999991,0.02523809523809502,4.7619047619047614e-5,7000.0,0.10381498576891061,0.007115124599619835,0.00023221895724805311
1061.999999999991,0.025285714285714068,4.7619047619047614e-5,7000.0,0.10380668019376965,0.007121090576684459,0.000232005843780325
1063.9999999999907,0.025333333333333114,4.7619047619047614e-5,7000.0,0.1038078973879686,0.007127781654173433,0.00023179077029664372
1065.9999999999907,0.02538095238095216,4.7619047619047614e-5,7000.0,0.10381640830815654,0.007135002058456427,0.00023157518976055008
1067.9999999999907,0.025428571428571207,4.7619047619047614e-5,7000.0,0.10383681373439627,0.0071429659998585955,0.00023136246457100218
1069.9999999999907,0.025476190476190253,4.7619047619047614e-5,7000.0,0.10386035716308287,0.0071514600933546965,0.00023114006116253572
1071.9999999999907,0.0255238095238093,4.7619047619047614e-5,7000.0,0.1038923175134623,0.007160722079702458,0.00023091213005472876
1073.9999999999905,0.025571428571428346,4.7619047619047614e-5,7000.0,0.10392861325966096,0.007170509538047141,0.00023067750542963154
1075.9999999999905,0.025619047619047392,4.7619047619047614e-5,7000.0,0.10397749210395206,0.007181019416520212,0.00023044822578493454
1077.9999999999905,0.02566666666666644,4.7619047619047614e-5,7000.0,0.10404134909984784,0.007192084941697459,0.00023023497538506764
1079.9999999999905,0.025714285714285485,4.7619047619047614e-5,7000.0,0.10411968091926706,0.0072037465656914395,0.0002300353259285114
1081.9999999999902,0.02576190476190453,4.7619047619047614e-5,7000.0,0.104210777426817,0.007215754927627193,0.0002298534320702215
1083.9999999999902,0.025809523809523578,4.7619047619047614e-5,7000.0,0.10431791281577164,0.007228248921497476,0.00022969202718353332
1085.9999999999902,0.025857142857142624,4.7619047619047614e-5,7000.0,0.10444342941074256,0.0072411637294753995,0.00022955824070827058
1087.9999999999902,0.02590476190476167,4.7619047619047614e-5,7000.0,0.10457845813853156,0.007254337496097362,0.00022943760974217524
1089.9999999999902,0.025952380952380717,4.7619047619047614e-5,7000.0,0.10472110030070045,0.007267666749726029,0.00022932918270512253
1091.99999999999,0.025999999999999763,4.7619047619047614e-5,7000.0,0.10487343009833253,0.00728121327479443,0.00022923548822463544
1093.99999999999,0.02604761904761881,4.7619047619047614e-5,7000.0,0.10504160924069171,0.007294704326065517,0.00022917846418047194
1095.9999999999898,0.026095238095237856,4.7619047619047614e-5,7000.0,0.10521980657911072,0.007308186315517916,0.0002291437520234024
1097.9999999999898,0.026142857142856902,4.7619047619047614e-5,7000.0,0.10541966117110226,0.0073216468597626155,0.00022915691641262322
1099.9999999999898,0.026190476190475948,4.7619047619047614e-5,7000.0,0.10565077951317878,0.007334832221308671,0.0002292464679994312
1101.9999999999898,0.026238095238094995,4.7619047619047614e-5,7000.0,0.10593764284382415,0.007347714726116585,0.00022946589717439233
1103.9999999999898,0.02628571428571404,4.7619047619047614e-5,7000.0,0.10631805907465465,0.0073594618077392066,0.00022992231067594192
1105.9999999999895,0.026333333333333087,4.7619047619047614e-5,7000.0,0.1068656008899728,0.007369098487345768,0.00023080419751929384
1107.9999999999895,0.026380952380952134,4.7619047619047614e-5,7000.0,0.10747830484048755,0.0073766454096767685,0.00023189000610035718
1109.9999999999895,0.02642857142857118,4.7619047619047614e-5,7000.0,0.10816676278238434,0.007376698815807092,0.00023337370014586104
1111.9999999999895,0.026476190476190226,4.7619047619047614e-5,7000.0,0.10872284836890249,0.007371244035755244,0.000234747061161007
1113.9999999999893,0.026523809523809273,4.7619047619047614e-5,7000.0,0.10885301050728609,0.007365805330106355,0.00023520163670166474
1115.9999999999893,0.02657142857142832,4.7619047619047614e-5,7000.0,0.10878413920603369,0.007361831200578353,0.00023517971293985856
1117.9999999999893,0.026619047619047365,4.7619047619047614e-5,7000.0,0.10871175143054938,0.00735960104496409,0.00023509443659569705
1119.9999999999893,0.02666666666666641,4.7619047619047614e-5,7000.0,0.10862395627314902,0.007358117003981081,0.00023495195264924352
1121.9999999999893,0.026714285714285458,4.7619047619047614e-5,7000.0,0.10858100313143618,0.0073566428798612455,0.00023490610671821245
1123.999999999989,0.026761904761904504,4.7619047619047614e-5,7000.0,0.10857831571001213,0.007354692717865198,0.00023496257859780185
1125.999999999989,0.02680952380952355,4.7619047619047614e-5,7000.0,0.10860519924610094,0.007351890775050401,0.00023511032514460408
1127.999999999989,0.026857142857142597,4.7619047619047614e-5,7000.0,0.10865009458892928,0.007348052252569855,0.00023533038452717097
1129.9999999999889,0.026904761904761643,4.7619047619047614e-5,7000.0,0.10870491903889941,0.007343233976616325,0.0002356036217630803
1131.999999999989,0.02695238095238069,4.7619047619047614e-5,7000.0,0.10876796071654671,0.00733760300119363,0.00023592116656144345
1133.9999999999889,0.026999999999999736,4.7619047619047614e-5,7000.0,0.1088347736530787,0.0073314184010476865,0.0002362652253580253
1135.9999999999889,0.027047619047618782,4.7619047619047614e-5,7000.0,0.10889366988140056,0.007324857323020751,0.00023660482475984534
1137.9999999999889,0.02709523809523783,4.7619047619047614e-5,7000.0,0.10893962100757786,0.007317815240125384,0.00023693245337547803
1139.9999999999886,0.027142857142856875,4.7619047619047614e-5,7000.0,0.10897603731093614,0.0073104801972942255,0.00023724946307934384
1141.9999999999889,0.02719047619047592,4.7619047619047614e-5,7000.0,0.10898984403106217,0.007302825533210307,0.00023752823267479678
1143.9999999999886,0.027238095238094968,4.7619047619047614e-5,7000.0,0.10899238674039054,0.007294996657810914,0.00023778869165818237
1145.9999999999886,0.027285714285714014,4.7619047619047614e-5,7000.0,0.10898618897192273,0.007286802742111938,0.0002380425450984776
1147.9999999999886,0.02733333333333306,4.7619047619047614e-5,7000.0,0.10897255388470968,0.0072783128589741595,0.00023829039707622498
1149.9999999999884,0.027380952380952107,4.7619047619047614e-5,7000.0,0.10894233678935866,0.0072695106070018315,0.00023851277409662507
1151.9999999999886,0.027428571428571153,4.7619047619047614e-5,7000.0,0.10889660170785437,0.007260446445103325,0.00023871028563819547
1153.9999999999884,0.0274761904761902,4.7619047619047614e-5,7000.0,0.10884129840929514,0.00725132661695892,0.00023888912428611823
1155.9999999999884,0.027523809523809246,4.7619047619047614e-5,7000.0,0.10877957070573922,0.00724212712237027,0.00023905692475012006
1157.9999999999884,0.027571428571428292,4.7619047619047614e-5,7000.0,0.10870786304566156,0.007233036657617328,0.00023919958622708212
1159.9999999999882,0.02761904761904734,4.7619047619047614e-5,7000.0,0.10862722995622393,0.007224069262274767,0.00023931886550696086
1161.9999999999882,0.027666666666666385,4.7619047619047614e-5,7000.0,0.10853831725900565,0.00721524628751526,0.00023941538539768928
1163.9999999999882,0.02771428571428543,4.7619047619047614e-5,7000.0,0.10844562856295012,0.007206520008470068,0.00023950058866436624
1165.9999999999882,0.027761904761904477,4.7619047619047614e-5,7000.0,0.10834140754885577,0.007198090752787632,0.00023955061342142972
1167.9999999999882,0.027809523809523524,4.7619047619047614e-5,7000.0,0.10822558449402382,0.007190055586992234,0.00023956194125112368
1169.999999999988,0.02785714285714257,4.7619047619047614e-5,7000.0,0.10809766391058785,0.007182414020204093,0.0002395333588353567
1171.999999999988,0.027904761904761616,4.7619047619047614e-5,7000.0,0.10795984679128044,0.007175228078320224,0.00023946755538255306
1173.999999999988,0.027952380952380663,4.7619047619047614e-5,7000.0,0.1078175323023412,0.007168481550412345,0.000239376960060679
1175.999999999988,0.02799999999999971,4.7619047619047614e-5,7000.0,0.10767229982626825,0.007162131584661097,0.00023926646067385954
1177.9999999999877,0.028047619047618755,4.7619047619047614e-5,7000.0,0.10752343515707126,0.007156170507118071,0.0002391346906344252
1179.9999999999877,0.028095238095237802,4.7619047619047614e-5,7000.0,0.10737491174527375,0.007150662292294192,0.00023898832401485817
1181.9999999999877,0.028142857142856848,4.7619047619047614e-5,7000.0,0.10722577092357868,0.007145567976792392,0.00023882652190494437
1183.9999999999877,0.028190476190475895,4.7619047619047614e-5,7000.0,0.10707885449853831,0.007140821103448691,0.00023865783426264015
1185.9999999999877,0.02823809523809494,4.7619047619047614e-5,7000.0,0.10693445633132541,0.007136440288670746,0.00023848230523266804
1187.9999999999875,0.028285714285713987,4.7619047619047614e-5,7000.0,0.10679247633065594,0.007132445519667649,0.00023829905810258638
1189.9999999999875,0.028333333333333034,4.7619047619047614e-5,7000.0,0.10665502074706962,0.007128873685094832,0.0002381115798552542
1191.9999999999875,0.02838095238095208,4.7619047619047614e-5,7000.0,0.10652198074141378,0.007125693492879619,0.00023792069922564792
1193.999999999987,0.028428571428571126,4.7619047619047614e-5,7000.0,0.10639467659086345,0.007122916157239605,0.00023772901890595525
1195.9999999999875,0.028476190476190173,4.7619047619047614e-5,7000.0,0.10627253769943924,0.007120535890438662,0.00023753548819966104
1197.999999999987,0.02852380952380922,4.7619047619047614e-5,7000.0,0.10615845086360667,0.007118576021157744,0.00023734581404629337
1199.999999999987,0.028571428571428265,4.7619047619047614e-5,7000.0,0.10605228749133651,0.007116973288445219,0.0002371618537314524
1201.999999999987,0.02861904761904731,4.7619047619047614e-5,7000.0,0.10595563609284092,0.007115760900073365,0.00023698608580914805
1203.9999999999868,0.028666666666666358,4.7619047619047614e-5,7000.0,0.1058667508910279,0.007114838994888902,0.00023681796208585188
1205.999999999987,0.028714285714285404,4.7619047619047614e-5,7000.0,0.10578524656536265,0.007114384533369712,0.00023665075760387612
1207.9999999999868,0.02876190476190445,4.7619047619047614e-5,7000.0,0.10570940987616918,0.007114213046335535,0.00023648680470407787
1209.9999999999868,0.028809523809523497,4.7619047619047614e-5,7000.0,0.10564061552995277,0.00711438957644198,0.00023632703793079313
1211.9999999999868,0.028857142857142543,4.7619047619047614e-5,7000.0,0.10557820360530655,0.007114884326542416,0.00023617099330570446
1213.9999999999866,0.02890476190476159,4.7619047619047614e-5,7000.0,0.10552213613071862,0.007115693232036194,0.00023601874087556687
1215.9999999999868,0.028952380952380636,4.7619047619047614e-5,7000.0,0.10547147502193285,0.007116734391235717,0.00023587091609891163
1217.9999999999866,0.028999999999999682,4.7619047619047614e-5,7000.0,0.10542823881405605,0.007118017990592598,0.00023573170749085028
1219.9999999999866,0.02904761904761873,4.7619047619047614e-5,7000.0,0.10538865423794645,0.007119601088859943,0.00023559080148488588
1221.9999999999866,0.029095238095237775,4.7619047619047614e-5,7000.0,0.10533780614383932,0.007121465192005964,0.0002354154951296687
1223.9999999999864,0.02914285714285682,4.7619047619047614e-5,7000.0,0.10529185696921117,0.007123607142581073,0.0002352420503905416
1225.9999999999864,0.029190476190475868,4.7619047619047614e-5,7000.0,0.10525002135777124,0.007126111202930722,0.00023506595227882108
1227.9999999999864,0.029238095238094914,4.7619047619047614e-5,7000.0,0.10520966472177236,0.007128978073188832,0.00023488132562064537
1229.9999999999864,0.02928571428571396,4.7619047619047614e-5,7000.0,0.10517027451197246,0.007132294682692752,0.00023468420472767853
1231.9999999999864,0.029333333333333007,4.7619047619047614e-5,7000.0,0.10513276905429277,0.007136044385962099,0.00023447723936309903
1233.9999999999861,0.029380952380952053,4.7619047619047614e-5,7000.0,0.10509881151669363,0.007140211663357231,0.0002342646990677641
1235.9999999999861,0.0294285714285711,4.7619047619047614e-5,7000.0,0.10506900781801608,0.007144777480235348,0.0002340486041203823
1237.9999999999861,0.029476190476190146,4.7619047619047614e-5,7000.0,0.10504461848257786,0.007149827733518331,0.0002338289942053983
1239.9999999999861,0.029523809523809192,4.7619047619047614e-5,7000.0,0.10502611086072904,0.007155306949738215,0.0002336087719872587
1241.999999999986,0.02957142857142824,4.7619047619047614e-5,7000.0,0.1050110319396194,0.007161157034578685,0.0002333844200269603
1243.999999999986,0.029619047619047285,4.7619047619047614e-5,7000.0,0.10499169179687473,0.0071674438735776416,0.00023313676434431034
1245.999999999986,0.02966666666666633,4.7619047619047614e-5,7000.0,0.10498514615087871,0.007174130994537259,0.0002329049326512216
1247.999999999986,0.029714285714285377,4.7619047619047614e-5,7000.0,0.10499343747491675,0.007181015624777629,0.0002327000168149656
1249.999999999986,0.029761904761904424,4.7619047619047614e-5,7000.0,0.10501607151506613,0.0071881730375399355,0.00023251842712226732
1251.9999999999857,0.02980952380952347,4.7619047619047614e-5,7000.0,0.10505053080157013,0.007195503509085323,0.00023235776663004665
1253.9999999999857,0.029857142857142516,4.7619047619047614e-5,7000.0,0.10509719906917152,0.007203101613188053,0.00023221578196740763
1255.9999999999857,0.029904761904761563,4.7619047619047614e-5,7000.0,0.10515323991868672,0.007210988210738059,0.00023208549821597998
1257.9999999999854,0.02995238095238061,4.7619047619047614e-5,7000.0,0.10521760223483832,0.0072191824040872665,0.00023196396154875364
1259.9999999999857,0.029999999999999655,4.7619047619047614e-5,7000.0,0.10529115691040822,0.0072276592217893326,0.0002318538765031482
1261.9999999999854,0.030047619047618702,4.7619047619047614e-5,7000.0,0.10537585656784482,0.007236388638720343,0.0002317604718681998
1263.9999999999854,0.030095238095237748,4.7619047619047614e-5,7000.0,0.10547655719930954,0.007245269836516129,0.00023169758804535013
1265.9999999999854,0.030142857142856794,4.7619047619047614e-5,7000.0,0.10559048265470312,0.007254136296724411,0.00023166434390739822
1267.9999999999852,0.03019047619047584,4.7619047619047614e-5,7000.0,0.10571964740466101,0.007262713764668548,0.0002316737931795933
1269.9999999999854,0.030238095238094887,4.7619047619047614e-5,7000.0,0.1058643096461615,0.007270455755965008,0.00023174376879157935
1271.9999999999852,0.030285714285713933,4.7619047619047614e-5,7000.0,0.10601647278671363,0.007277016250183375,0.00023186763795872648
1273.999999999985,0.03033333333333298,4.7619047619047614e-5,7000.0,0.10616570356302295,0.007282032510194578,0.00023203407132869915
1275.9999999999852,0.030380952380952026,4.7619047619047614e-5,7000.0,0.10629937370532,0.007285505480178123,0.00023221546972689524
1277.999999999985,0.030428571428571072,4.7619047619047614e-5,7000.0,0.10640951282437126,0.0072879064581748134,0.00023237949135588215
1279.9999999999852,0.03047619047619012,4.7619047619047614e-5,7000.0,0.1065021398688673,0.0072900509367918535,0.00023251335494034315
1281.999999999985,0.030523809523809165,4.7619047619047614e-5,7000.0,0.1065933152590221,0.0072923819128152875,0.00023263802179933682
1283.9999999999848,0.03057142857142821,4.7619047619047614e-5,7000.0,0.10669400302454926,0.007294877793307662,0.00023277810075443547
1285.999999999985,0.030619047619047258,4.7619047619047614e-5,7000.0,0.10677752187443869,0.007297182532521029,0.00023288673870610659
1287.9999999999848,0.030666666666666304,4.7619047619047614e-5,7000.0,0.10680993576536699,0.007300150191028105,0.0002328627330062083
1289.9999999999848,0.03071428571428535,4.7619047619047614e-5,7000.0,0.1068106669962968,0.0073042344023515875,0.0002327341195667277
1291.9999999999848,0.030761904761904397,4.7619047619047614e-5,7000.0,0.10676573974029897,0.0073072103084174875,0.000232541483210867
1293.9999999999845,0.030809523809523443,4.7619047619047614e-5,7000.0,0.10676219181301805,0.007310208094169014,0.00023243839769650817
1295.9999999999848,0.03085714285714249,4.7619047619047614e-5,7000.0,0.10684352608518843,0.007313569426608354,0.00023250856485970995
1297.9999999999845,0.030904761904761536,4.7619047619047614e-5,7000.0,0.10697813321957286,0.007316877196294493,0.00023269624797394296
1299.9999999999845,0.030952380952380582,4.7619047619047614e-5,7000.0,0.10714983743230465,0.007320171201483606,0.00023296485573162556
1301.9999999999845,0.03099999999999963,4.7619047619047614e-5,7000.0,0.10733519352432551,0.007323507427605859,0.00023326154559122513
1303.9999999999843,0.031047619047618675,4.7619047619047614e-5,7000.0,0.10752374457991797,0.0073267761869469285,0.0002335670561376231
1305.9999999999843,0.03109523809523772,4.7619047619047614e-5,7000.0,0.10770765068505704,0.007329995934435547,0.0002338637724860082
1307.9999999999843,0.031142857142856768,4.7619047619047614e-5,7000.0,0.1078918428876735,0.007332716687958151,0.00023417678393420824
1309.9999999999843,0.031190476190475814,4.7619047619047614e-5,7000.0,0.10807798655390873,0.007334725877912868,0.00023451654616393988
1311.9999999999843,0.03123809523809486,4.7619047619047614e-5,7000.0,0.10824519310329343,0.007335800477284238,0.00023484495797933315
1313.9999999999843,0.03128571428571391,4.7619047619047614e-5,7000.0,0.10840535279040026,0.00733593771815357,0.00023518803481002796
1315.9999999999843,0.031333333333332956,4.7619047619047614e-5,7000.0,0.10855541022461279,0.007335181065437369,0.00023553788219385195
1317.999999999984,0.031380952380952,4.7619047619047614e-5,7000.0,0.10867760017242362,0.00733356068967056,0.0002358551050810604
1319.9999999999843,0.03142857142857105,4.7619047619047614e-5,7000.0,0.10877664420648563,0.007331270418348223,0.00023614380087634437
1321.999999999984,0.031476190476190095,4.7619047619047614e-5,7000.0,0.10885546797136901,0.00732830958185869,0.0002364103974689172
1323.9999999999839,0.03152380952380914,4.7619047619047614e-5,7000.0,0.10891984919475475,0.00732478978685692,0.00023666388940299612
1325.999999999984,0.03157142857142819,4.7619047619047614e-5,7000.0,0.1089657780624599,0.007320841138757586,0.00023689138826796173
1327.9999999999839,0.031619047619047234,4.7619047619047614e-5,7000.0,0.10900829179790285,0.007316488831593602,0.00023712478590445858
1329.999999999984,0.03166666666666628,4.7619047619047614e-5,7000.0,0.1090423866610336,0.0073117933066845255,0.0002373512778017869
1331.9999999999839,0.03171428571428533,4.7619047619047614e-5,7000.0,0.10906939874579606,0.007306754651651783,0.00023757378997979914
1333.9999999999834,0.03176190476190437,4.7619047619047614e-5,7000.0,0.10908523475563474,0.007301533737014147,0.00023777818407778525
1335.9999999999839,0.03180952380952342,4.7619047619047614e-5,7000.0,0.10907745439826791,0.007296171385579648,0.00023793596846801522
1337.9999999999834,0.031857142857142466,4.7619047619047614e-5,7000.0,0.10904076764672202,0.007290781471346883,0.00023803178352984727
1339.9999999999834,0.03190476190476151,4.7619047619047614e-5,7000.0,0.10899556625647965,0.007285380335547253,0.0002381095062419396
1341.9999999999834,0.03195238095238056,4.7619047619047614e-5,7000.0,0.10894627379336311,0.007279756358964574,0.00023818569126018104
1343.9999999999832,0.031999999999999605,4.7619047619047614e-5,7000.0,0.10889376477395628,0.007273886687660161,0.0002382630040836699
1345.9999999999834,0.03204761904761865,4.7619047619047614e-5,7000.0,0.10883804461557896,0.007267739276268572,0.0002383425180590575
1347.9999999999832,0.0320952380952377,4.7619047619047614e-5,7000.0,0.10877753803730561,0.0072613859666530245,0.00023841843630829148
1349.9999999999832,0.032142857142856744,4.7619047619047614e-5,7000.0,0.10871358941245825,0.007254800444569596,0.0002384945701601853
1351.9999999999832,0.03219047619047579,4.7619047619047614e-5,7000.0,0.1086433975035557,0.007247972371700617,0.00023856511670078967
1353.999999999983,0.03223809523809484,4.7619047619047614e-5,7000.0,0.10856694699287306,0.007241087177375002,0.00023862392272116524
1355.999999999983,0.03228571428571388,4.7619047619047614e-5,7000.0,0.10847769984418747,0.007234258045569651,0.00023865283815822016
1357.999999999983,0.03233333333333293,4.7619047619047614e-5,7000.0,0.10837817354203579,0.007227518523014821,0.00023865621357537807
1359.999999999983,0.032380952380951976,4.7619047619047614e-5,7000.0,0.10827546342326938,0.0072208527119141325,0.00023865014156771182
1361.999999999983,0.03242857142857102,4.7619047619047614e-5,7000.0,0.1081712397580086,0.007214297661281401,0.00023863705541653143
1363.9999999999827,0.03247619047619007,4.7619047619047614e-5,7000.0,0.10806348665173063,0.007208000139311995,0.00023860762674748803
1365.9999999999827,0.032523809523809115,4.7619047619047614e-5,7000.0,0.10795196791658465,0.0072019435814119235,0.00023856184259435465
1367.9999999999827,0.03257142857142816,4.7619047619047614e-5,7000.0,0.1078383161237006,0.007196253340028438,0.0002384991224575977
1369.9999999999827,0.03261904761904721,4.7619047619047614e-5,7000.0,0.10772369480781058,0.007190912941949459,0.00023842255712440657
1371.9999999999825,0.032666666666666254,4.7619047619047614e-5,7000.0,0.10760593051095524,0.007185957816033021,0.0002383261380773854
1373.9999999999825,0.0327142857142853,4.7619047619047614e-5,7000.0,0.10748814911796331,0.0071814232264740974,0.0002382155976110304
1375.9999999999825,0.03276190476190435,4.7619047619047614e-5,7000.0,0.10737144582487543,0.007177341204439377,0.00023809229439144904
1377.9999999999825,0.03280952380952339,4.7619047619047614e-5,7000.0,0.10725795126397214,0.007173640839770844,0.00023796330915998404
1379.9999999999825,0.03285714285714244,4.7619047619047614e-5,7000.0,0.10714033423191505,0.0071703137690329955,0.00023781265850834234
1381.9999999999823,0.032904761904761486,4.7619047619047614e-5,7000.0,0.1070262491009926,0.007167407984997436,0.0002376557413874297
1383.9999999999823,0.03295238095238053,4.7619047619047614e-5,7000.0,0.10691238339678305,0.007164882767484418,0.00023748656952984692
1385.9999999999823,0.03299999999999958,4.7619047619047614e-5,7000.0,0.10680151216091847,0.007162728379703361,0.00023731164563304727
1387.999999999982,0.033047619047618625,4.7619047619047614e-5,7000.0,0.10669406684031066,0.007160949440546405,0.00023713179763655505
1389.9999999999823,0.03309523809523767,4.7619047619047614e-5,7000.0,0.10658949245111078,0.007159547302125479,0.0002369457717000391
1391.999999999982,0.03314285714285672,4.7619047619047614e-5,7000.0,0.10648860259331769,0.00715850486845878,0.0002367559678607003
1393.999999999982,0.033190476190475764,4.7619047619047614e-5,7000.0,0.10639161889327747,0.007157832611371044,0.0002365625597826158
1395.999999999982,0.03323809523809481,4.7619047619047614e-5,7000.0,0.10629873807801227,0.007157529597401879,0.0002363660447270439
1397.9999999999818,0.033285714285713856,4.7619047619047614e-5,7000.0,0.10620394350832205,0.007157596185182432,0.00023615306239536122
1399.999999999982,0.0333333333333329,4.7619047619047614e-5,7000.0,0.1061138014008301,0.007158080431036057,0.00023593666187359896
1401.9999999999818,0.03338095238095195,4.7619047619047614e-5,7000.0,0.10603201507798456,0.007158917603140887,0.00023572724622855965
1403.9999999999818,0.033428571428570995,4.7619047619047614e-5,7000.0,0.10595982915281177,0.007160030374222873,0.00023553015416744066
1405.9999999999818,0.03347619047619004,4.7619047619047614e-5,7000.0,0.10588794274986213,0.007161429468297214,0.00023532438009864602
1407.9999999999816,0.03352380952380909,4.7619047619047614e-5,7000.0,0.10582364236025701,0.00716310988024865,0.00023512630769582934
1409.9999999999818,0.033571428571428134,4.7619047619047614e-5,7000.0,0.10576942077490067,0.0071649733785597546,0.00023494471304896642
1411.9999999999816,0.03361904761904718,4.7619047619047614e-5,7000.0,0.10572414854875495,0.00716703426825075,0.00023477662050893215
1413.9999999999816,0.03366666666666623,4.7619047619047614e-5,7000.0,0.10568581983547765,0.007169245984862789,0.00023461910327879024
1415.9999999999816,0.03371428571428527,4.7619047619047614e-5,7000.0,0.10565410450446054,0.007171602108993388,0.0002344716387534333
1417.9999999999814,0.03376190476190432,4.7619047619047614e-5,7000.0,0.10562953114327991,0.007174104943346397,0.00023433532337053482
1419.9999999999814,0.033809523809523366,4.7619047619047614e-5,7000.0,0.10561094096486123,0.007176835033588567,0.00023420495553371258
1421.9999999999814,0.03385714285714241,4.7619047619047614e-5,7000.0,0.10559772159515078,0.007179775626168218,0.00023407972959287943
1423.9999999999814,0.03390476190476146,4.7619047619047614e-5,7000.0,0.10559162588246566,0.007182965840358086,0.00023396225990498013
1425.9999999999814,0.033952380952380505,4.7619047619047614e-5,7000.0,0.10559456898108754,0.007186393157124583,0.00023385719719963907
1427.9999999999811,0.03399999999999955,4.7619047619047614e-5,7000.0,0.10560450266470867,0.007190110317339363,0.00023375828561791916
1429.9999999999811,0.0340476190476186,4.7619047619047614e-5,7000.0,0.10561689197164352,0.007194073899326472,0.00023365690520448404
1431.9999999999811,0.034095238095237644,4.7619047619047614e-5,7000.0,0.10563623413886566,0.007198274482145475,0.0002335633195776977
1433.9999999999811,0.03414285714285669,4.7619047619047614e-5,7000.0,0.1056584237848465,0.007202672715295143,0.00023346972838217506
1435.999999999981,0.03419047619047574,4.7619047619047614e-5,7000.0,0.10569022341233637,0.007207294763299474,0.00023339022538963636
1437.999999999981,0.03423809523809478,4.7619047619047614e-5,7000.0,0.10572933031360353,0.007212040063840454,0.00023332296271583817
1439.999999999981,0.03428571428571383,4.7619047619047614e-5,7000.0,0.10577389789443642,0.007216938501858898,0.0002332628814234853
1441.999999999981,0.034333333333332876,4.7619047619047614e-5,7000.0,0.10582222994245123,0.007221934438019648,0.00023320802935683572
1443.999999999981,0.03438095238095192,4.7619047619047614e-5,7000.0,0.10587307307835618,0.007226922403882061,0.0002331590403087555
1445.9999999999807,0.03442857142857097,4.7619047619047614e-5,7000.0,0.10593294447888256,0.007231868013213747,0.00023313135305135657
1447.9999999999807,0.034476190476190015,4.7619047619047614e-5,7000.0,0.1059990149239666,0.007236664632308577,0.0002331221363043746
1449.9999999999807,0.03452380952380906,4.7619047619047614e-5,7000.0,0.10608015949892241,0.007241198507790148,0.00023315452172823455
1451.9999999999804,0.03457142857142811,4.7619047619047614e-5,7000.0,0.10617650638296089,0.007245392470744248,0.00023323120037057953
1453.9999999999807,0.034619047619047154,4.7619047619047614e-5,7000.0,0.10628274260596562,0.007249128159976453,0.0002333442515818063
1455.9999999999804,0.0346666666666662,4.7619047619047614e-5,7000.0,0.10639596296687334,0.007252282667137935,0.000233491222121418
1457.9999999999804,0.034714285714285247,4.7619047619047614e-5,7000.0,0.10650991696025745,0.007254635807185659,0.0002336654826385891
1459.9999999999804,0.03476190476190429,4.7619047619047614e-5,7000.0,0.10661466502915655,0.007256247182887389,0.00023384334240285525
1461.9999999999802,0.03480952380952334,4.7619047619047614e-5,7000.0,0.10670682383765799,0.007257108812768129,0.00023401769097797847
1463.9999999999804,0.034857142857142386,4.7619047619047614e-5,7000.0,0.10678143803031054,0.007257487512993515,0.00023416910690590958
1465.9999999999802,0.03490476190476143,4.7619047619047614e-5,7000.0,0.10683804572455191,0.007257690130688907,0.00023428670528988753
1467.9999999999798,0.03495238095238048,4.7619047619047614e-5,7000.0,0.10687915744449655,0.007258056206096874,0.00023436503848647014
1469.9999999999802,0.034999999999999525,4.7619047619047614e-5,7000.0,0.10690641925265319,0.007258896415022729,0.0002343976838834812
1471.9999999999798,0.03504761904761857,4.7619047619047614e-5,7000.0,0.10692733528175724,0.007260507484643964,0.00023439152149804036
1473.9999999999802,0.03509523809523762,4.7619047619047614e-5,7000.0,0.1069441978785097,0.00726311820747188,0.000234344220225587
1475.9999999999798,0.035142857142856664,4.7619047619047614e-5,7000.0,0.10696753505458496,0.007266690454132517,0.00023428013153651157
1477.9999999999795,0.03519047619047571,4.7619047619047614e-5,7000.0,0.10700446160110498,0.007271035877559003,0.00023422094572885107
1479.9999999999798,0.035238095238094756,4.7619047619047614e-5,7000.0,0.10705686716138285,0.007275934205107913,0.00023417789551621955
1481.9999999999795,0.0352857142857138,4.7619047619047614e-5,7000.0,0.10712517013555908,0.007281080543482004,0.00023416167771824972
1483.9999999999795,0.03533333333333285,4.7619047619047614e-5,7000.0,0.10721181759656506,0.007286228091389505,0.0002341855142927039
1485.9999999999795,0.035380952380951895,4.7619047619047614e-5,7000.0,0.10730649170067749,0.007291086315623,0.00023423613218537213
1487.9999999999793,0.03542857142857094,4.7619047619047614e-5,7000.0,0.10741281039463443,0.0072955141424463155,0.0002343259075633323
1489.9999999999795,0.03547619047618999,4.7619047619047614e-5,7000.0,0.10752889837792115,0.0072994003436075185,0.00023445426879565095
1491.9999999999793,0.035523809523809034,4.7619047619047614e-5,7000.0,0.10765439893134195,0.007302567975604445,0.00023462609033901861
1493.9999999999793,0.03557142857142808,4.7619047619047614e-5,7000.0,0.10778199356990348,0.007304949131764582,0.0002348276044573262
1495.9999999999793,0.03561904761904713,4.7619047619047614e-5,7000.0,0.10790210793404743,0.007306570652366574,0.00023503712842599478
1497.999999999979,0.03566666666666617,4.7619047619047614e-5,7000.0,0.10801154928215713,0.007307370490211048,0.0002352497660040319
1499.999999999979,0.03571428571428522,4.7619047619047614e-5,7000.0,0.10812477098378996,0.007307519584095014,0.00023549155872540128
1501.999999999979,0.035761904761904266,4.7619047619047614e-5,7000.0,0.1082395148717934,0.007307007857474211,0.00023575797598320068
1503.999999999979,0.03580952380952331,4.7619047619047614e-5,7000.0,0.10835362050152104,0.007305830665325806,0.0002360445388717665
1505.999999999979,0.03585714285714236,4.7619047619047614e-5,7000.0,0.10846548579560363,0.007303948999524127,0.0002363491067689383
1507.9999999999789,0.035904761904761405,4.7619047619047614e-5,7000.0,0.10856860634721402,0.007301418286700364,0.00023665580694413302
1509.9999999999789,0.03595238095238045,4.7619047619047614e-5,7000.0,0.10862544627915326,0.007298415689044126,0.00023687711768517554
1511.9999999999789,0.0359999999999995,4.7619047619047614e-5,7000.0,0.10866729063839219,0.007295094644961674,0.00023707624505527747
1513.9999999999789,0.036047619047618544,4.7619047619047614e-5,7000.0,0.10869946099290562,0.007291180474787204,0.0002372737389818965
1515.9999999999786,0.03609523809523759,4.7619047619047614e-5,7000.0,0.10872291001785693,0.007286676344972732,0.00023747162269140186
1517.9999999999786,0.03614285714285664,4.7619047619047614e-5,7000.0,0.1087361017753484,0.007281591069989135,0.00023766630017738608
1519.9999999999786,0.03619047619047568,4.7619047619047614e-5,7000.0,0.10872912822786548,0.0072760388074125885,0.00023783240680228074
1521.9999999999786,0.03623809523809473,4.7619047619047614e-5,7000.0,0.10870832699432448,0.007270147940872704,0.0002379795808435778
1523.9999999999786,0.036285714285713776,4.7619047619047614e-5,7000.0,0.10868056896881852,0.007263964497447416,0.00023812134235382576
1525.9999999999784,0.03633333333333282,4.7619047619047614e-5,7000.0,0.10864678285453576,0.007257657738793144,0.00023825417462034433
1527.9999999999784,0.03638095238095187,4.7619047619047614e-5,7000.0,0.10860815006726435,0.007251325246503799,0.0002383774462689512
1529.9999999999784,0.036428571428570915,4.7619047619047614e-5,7000.0,0.10855799653743282,0.007245093768952748,0.00023847230018090847
1531.9999999999782,0.03647619047618996,4.7619047619047614e-5,7000.0,0.10850260413203697,0.007238965637991869,0.00023855239338789342
1533.9999999999784,0.03652380952380901,4.7619047619047614e-5,7000.0,0.10843691237678413,0.007232992977232428,0.00023860483029241762
1535.9999999999782,0.036571428571428054,4.7619047619047614e-5,7000.0,0.10836476761588999,0.0072272642930070454,0.00023863508685798417
1537.9999999999782,0.0366190476190471,4.7619047619047614e-5,7000.0,0.1082859290640499,0.00722179375226191,0.00023864210844354295
1539.9999999999782,0.036666666666666146,4.7619047619047614e-5,7000.0,0.10820207670870656,0.007216581497644598,0.00023862954179371178
1541.999999999978,0.03671428571428519,4.7619047619047614e-5,7000.0,0.10811441841711543,0.007211546917509309,0.00023860267855724116
1543.9999999999782,0.03676190476190424,4.7619047619047614e-5,7000.0,0.10802502145897526,0.00720672316863591,0.00023856495858794343
1545.999999999978,0.036809523809523285,4.7619047619047614e-5,7000.0,0.10793292235211824,0.007202119261547751,0.00023851393584118093
1547.999999999978,0.03685714285714233,4.7619047619047614e-5,7000.0,0.10783967422405744,0.007197735184038942,0.00023845302411566933
1549.999999999978,0.03690476190476138,4.7619047619047614e-5,7000.0,0.10774518343478907,0.0071935246264929215,0.00023838353836775532
1551.9999999999777,0.036952380952380424,4.7619047619047614e-5,7000.0,0.10765090890410473,0.007189542074623012,0.0002383068921857862
1553.999999999978,0.03699999999999947,4.7619047619047614e-5,7000.0,0.10755609928099245,0.007185770524269029,0.00023822198054388791
1555.9999999999777,0.03704761904761852,4.7619047619047614e-5,7000.0,0.10746207807133405,0.007182177403355276,0.000238132810698744
1557.9999999999777,0.037095238095237563,4.7619047619047614e-5,7000.0,0.1073703082870633,0.007178753386954681,0.00023804293564729884
1559.9999999999777,0.03714285714285661,4.7619047619047614e-5,7000.0,0.10728091953406302,0.007175473115759064,0.00023795348916841124
1561.9999999999775,0.037190476190475656,4.7619047619047614e-5,7000.0,0.10719342368849737,0.007172375104778491,0.00023786211677080308
1563.9999999999775,0.0372380952380947,4.7619047619047614e-5,7000.0,0.10710785997042035,0.007169440877102615,0.0002377695227633434
1565.9999999999775,0.03728571428571375,4.7619047619047614e-5,7000.0,0.10702509146943022,0.007166647727274995,0.00023767838172644224
1567.9999999999775,0.037333333333332795,4.7619047619047614e-5,7000.0,0.10694516085599311,0.0071640036014918185,0.00023758853201085475
1569.9999999999775,0.03738095238095184,4.7619047619047614e-5,7000.0,0.10686869117330232,0.007161442363876858,0.00023750355860972948
1571.9999999999773,0.03742857142857089,4.7619047619047614e-5,7000.0,0.1067958739579486,0.007159043063403386,0.00023742127392856015
1573.9999999999773,0.037476190476189934,4.7619047619047614e-5,7000.0,0.10672725168633287,0.007156762118170082,0.00023734433795650464
1575.9999999999773,0.03752380952380898,4.7619047619047614e-5,7000.0,0.10666427914731838,0.007154646026476284,0.00023727445375785244
1577.9999999999773,0.03757142857142803,4.7619047619047614e-5,7000.0,0.10659578321267271,0.007152729238516063,0.00023718562866457144
1579.999999999977,0.03761904761904707,4.7619047619047614e-5,7000.0,0.10652912176867214,0.007151038145970006,0.0002370933557706926
1581.999999999977,0.03766666666666612,4.7619047619047614e-5,7000.0,0.10646596221541148,0.007149592787264755,0.0002370006888756002
1583.999999999977,0.037714285714285166,4.7619047619047614e-5,7000.0,0.10640458979877525,0.007148508519429336,0.00023689999652532338
1585.999999999977,0.03776190476190421,4.7619047619047614e-5,7000.0,0.1063491047196841,0.007147734165154371,0.00023680211544590632
1587.999999999977,0.03780952380952326,4.7619047619047614e-5,7000.0,0.10629265669534915,0.0071472700409705835,0.0002366917946357232
1589.9999999999768,0.037857142857142305,4.7619047619047614e-5,7000.0,0.10623346999186088,0.007147098558186554,0.00023656567393551072
1591.9999999999768,0.03790476190476135,4.7619047619047614e-5,7000.0,0.10618022119128771,0.007147257794709715,0.00023644182911231637
1593.9999999999768,0.0379523809523804,4.7619047619047614e-5,7000.0,0.10611718404742364,0.007147874109965972,0.00023628108341460833
1595.9999999999766,0.037999999999999444,4.7619047619047614e-5,7000.0,0.10605796095783095,0.00714890063817287,0.00023611530772373661
1597.9999999999768,0.03804761904761849,4.7619047619047614e-5,7000.0,0.10600777209323935,0.007150271309531233,0.00023595833227067038
1599.9999999999766,0.03809523809523754,4.7619047619047614e-5,7000.0,0.10596482881304699,0.007151826595360695,0.00023581145424335286
1601.9999999999766,0.03814285714285658,4.7619047619047614e-5,7000.0,0.10592142921880167,0.00715364488865177,0.0002356549605400915
1603.9999999999766,0.03819047619047563,4.7619047619047614e-5,7000.0,0.1058815502854011,0.007155755280140028,0.00023549676379968243
1605.9999999999761,0.038238095238094676,4.7619047619047614e-5,7000.0,0.10585277048445782,0.007158100515586426,0.00023535561740003252
1607.9999999999766,0.03828571428571372,4.7619047619047614e-5,7000.0,0.10583381307842761,0.00716064565505939,0.00023522982855315905
1609.9999999999761,0.03833333333333277,4.7619047619047614e-5,7000.0,0.10582396509007237,0.007163338788871442,0.00023511951113961828
1611.9999999999761,0.038380952380951815,4.7619047619047614e-5,7000.0,0.10582149329964252,0.007166193552754576,0.00023502035801880033
1613.9999999999761,0.03842857142857086,4.7619047619047614e-5,7000.0,0.10582527815012883,0.007169159454107388,0.00023493153178533646
1615.999999999976,0.03847619047618991,4.7619047619047614e-5,7000.0,0.10583247364911999,0.007172260907363129,0.00023484590896028613
1617.9999999999761,0.038523809523808954,4.7619047619047614e-5,7000.0,0.10584568120286822,0.007175519140780478,0.00023476856570036367
1619.999999999976,0.038571428571428,4.7619047619047614e-5,7000.0,0.10586205509002325,0.0071788446976055464,0.00023469611146572695
1621.999999999976,0.038619047619047046,4.7619047619047614e-5,7000.0,0.10588144263844135,0.007182235351111856,0.00023462827593083798
1623.999999999976,0.03866666666666609,4.7619047619047614e-5,7000.0,0.10590451243476344,0.007185707268206148,0.000234566007500852
1625.9999999999757,0.03871428571428514,4.7619047619047614e-5,7000.0,0.10593084488304012,0.007189257564076892,0.0002345084654259624
1627.9999999999757,0.038761904761904185,4.7619047619047614e-5,7000.0,0.10596077689568856,0.007192905770696502,0.00023445575341067405
1629.9999999999757,0.03880952380952323,4.7619047619047614e-5,7000.0,0.10599613124622943,0.007196627832690549,0.00023441268089234688
1631.9999999999757,0.03885714285714228,4.7619047619047614e-5,7000.0,0.10603599285901094,0.007200398326623313,0.00023437803915332445
1633.9999999999757,0.038904761904761324,4.7619047619047614e-5,7000.0,0.10607994041548328,0.007204241466532943,0.00023435009720937274
1635.9999999999754,0.03895238095238037,4.7619047619047614e-5,7000.0,0.10612810438194564,0.007208145313634029,0.00023432952137369836
1637.9999999999754,0.03899999999999942,4.7619047619047614e-5,7000.0,0.10617912266593917,0.007212107262005243,0.000234313379037937
1639.9999999999754,0.03904761904761846,4.7619047619047614e-5,7000.0,0.10622803996850554,0.007216133246134391,0.00023429054147535092
1641.9999999999754,0.03909523809523751,4.7619047619047614e-5,7000.0,0.10628030370837677,0.007220171314330634,0.00023427471388279955
1643.9999999999752,0.039142857142856556,4.7619047619047614e-5,7000.0,0.10633436314709598,0.007224184785575475,0.0002342636576680654
1645.9999999999752,0.0391904761904756,4.7619047619047614e-5,7000.0,0.10638956491455606,0.007228100283808014,0.00023425830418372513
1647.9999999999752,0.03923809523809465,4.7619047619047614e-5,7000.0,0.10644587073085328,0.0072318618051531594,0.00023426037381500282
1649.9999999999752,0.039285714285713695,4.7619047619047614e-5,7000.0,0.10650424624579365,0.007235467119764071,0.00023427205140622923
1651.9999999999752,0.03933333333333274,4.7619047619047614e-5,7000.0,0.1065648446506228,0.007238886879510006,0.00023429461004527492
1653.999999999975,0.03938095238095179,4.7619047619047614e-5,7000.0,0.10662934849345061,0.007242119117719868,0.00023433179730332967
1655.999999999975,0.039428571428570834,4.7619047619047614e-5,7000.0,0.1066966955931638,0.007245253412516533,0.00023437836537072978
1657.999999999975,0.03947619047618988,4.7619047619047614e-5,7000.0,0.10676580965263338,0.007248299293265871,0.00023443163246876305
1659.9999999999748,0.03952380952380893,4.7619047619047614e-5,7000.0,0.10683549888466295,0.007251352646904807,0.00023448587557578756
1661.999999999975,0.03957142857142797,4.7619047619047614e-5,7000.0,0.10690819414867075,0.007254421802166991,0.00023454615708596373
1663.9999999999748,0.03961904761904702,4.7619047619047614e-5,7000.0,0.10698271995041288,0.007257514315586469,0.00023460964684501938
1665.9999999999748,0.039666666666666066,4.7619047619047614e-5,7000.0,0.10705924381714804,0.007260546850118551,0.00023467940099995815
1667.9999999999748,0.03971428571428511,4.7619047619047614e-5,7000.0,0.10714128911451588,0.007263509008025531,0.0002347634697357994
1669.9999999999745,0.03976190476190416,4.7619047619047614e-5,7000.0,0.10722847654466765,0.007266389077238407,0.00023486138577075933
1671.9999999999748,0.039809523809523205,4.7619047619047614e-5,7000.0,0.10732066742446257,0.0072690833762848244,0.00023497618382325316
1673.9999999999745,0.03985714285714225,4.7619047619047614e-5,7000.0,0.10742091202639349,0.007271617676611257,0.0002351136968522189
1675.9999999999743,0.0399047619047613,4.7619047619047614e-5,7000.0,0.10752899343726409,0.007273920785817522,0.0002352757382869014
1677.9999999999745,0.039952380952380344,4.7619047619047614e-5,7000.0,0.10764653157680876,0.007275929228089276,0.00023546789791475272
1679.9999999999743,0.03999999999999939,4.7619047619047614e-5,7000.0,0.10777122878260693,0.00727764726174562,0.00023568501147340956
1681.9999999999745,0.04004761904761844,4.7619047619047614e-5,7000.0,0.10787482390402967,0.007279109042540421,0.0002358641883114603
1683.9999999999743,0.04009523809523748,4.7619047619047614e-5,7000.0,0.10795904073802383,0.007280372388836984,0.0002360073642834717
1685.999999999974,0.04014285714285653,4.7619047619047614e-5,7000.0,0.10804084351217247,0.007281280948023825,0.00023615672054856022
1687.9999999999743,0.040190476190475576,4.7619047619047614e-5,7000.0,0.10812067784708265,0.007281653542737392,0.00023631913038450617
1689.999999999974,0.04023809523809462,4.7619047619047614e-5,7000.0,0.10819846718117042,0.007281421006118847,0.0002364967067881202
1691.999999999974,0.04028571428571367,4.7619047619047614e-5,7000.0,0.10825651900029981,0.007280638647539344,0.00023664902153388046
1693.999999999974,0.040333333333332715,4.7619047619047614e-5,7000.0,0.10829606580581222,0.007279407371441047,0.0002367755135949776
1695.9999999999739,0.04038095238095176,4.7619047619047614e-5,7000.0,0.10834590107870691,0.00727768666509694,0.00023694048004458887
1697.999999999974,0.04042857142857081,4.7619047619047614e-5,7000.0,0.10839688187149413,0.0072756804188777524,0.0002371173357317087
1699.9999999999739,0.040476190476189854,4.7619047619047614e-5,7000.0,0.10844010162761931,0.007273613419301298,0.0002372792889655796
1701.9999999999739,0.0405238095238089,4.7619047619047614e-5,7000.0,0.10847400787271945,0.007271565870380027,0.00023742031438175244
1703.9999999999739,0.040571428571427946,4.7619047619047614e-5,7000.0,0.10850006732731762,0.007269556573681389,0.00023754298994610023
1705.9999999999736,0.04061904761904699,4.7619047619047614e-5,7000.0,0.10851854202446466,0.007267544683294694,0.000237649207992063
1707.9999999999736,0.04066666666666604,4.7619047619047614e-5,7000.0,0.10852781548225822,0.007265503204917433,0.0002377362972639803
1709.9999999999736,0.040714285714285085,4.7619047619047614e-5,7000.0,0.10852338579885949,0.0072633801044442396,0.00023779608174972228
1711.9999999999736,0.04076190476190413,4.7619047619047614e-5,7000.0,0.10851320937726369,0.007261179750208496,0.00023784583576327842
1713.9999999999736,0.04080952380952318,4.7619047619047614e-5,7000.0,0.10849625836253193,0.00725889614290916,0.00023788349475478148
1715.9999999999734,0.040857142857142224,4.7619047619047614e-5,7000.0,0.1084708408790665,0.007256463758591285,0.00023790748609194877
1717.9999999999734,0.04090476190476127,4.7619047619047614e-5,7000.0,0.10844255181246508,0.007253874895164077,0.00023793032567957464
1719.9999999999734,0.04095238095238032,4.7619047619047614e-5,7000.0,0.10841173299320894,0.007251142224912779,0.0002379523481934664
1721.9999999999734,0.04099999999999936,4.7619047619047614e-5,7000.0,0.10837924001805016,0.007248228532301225,0.0002379766545790639
1723.9999999999732,0.04104761904761841,4.7619047619047614e-5,7000.0,0.10834455413598705,0.007245199043165535,0.00023799996722099467
1725.9999999999732,0.041095238095237456,4.7619047619047614e-5,7000.0,0.10830889333828712,0.00724203626395956,0.00023802553767076124
1727.9999999999732,0.0411428571428565,4.7619047619047614e-5,7000.0,0.1082710403208248,0.007238767355215641,0.00023804980067974353
1729.9999999999732,0.04119047619047555,4.7619047619047614e-5,7000.0,0.10823134046113118,0.007235406581188447,0.00023807304591059363
1731.9999999999732,0.041238095238094595,4.7619047619047614e-5,7000.0,0.10818902865858636,0.007231988935650155,0.00023809243698430488
1733.999999999973,0.04128571428571364,4.7619047619047614e-5,7000.0,0.10814428178073188,0.007228539992119454,0.00023810751592009518
1735.999999999973,0.04133333333333269,4.7619047619047614e-5,7000.0,0.10809663078264257,0.007225104179851122,0.00023811577926605902
1737.999999999973,0.041380952380951734,4.7619047619047614e-5,7000.0,0.10804691878081238,0.007221696503961248,0.0002381185805908953
1739.9999999999725,0.04142857142857078,4.7619047619047614e-5,7000.0,0.10799422659021435,0.00721832154135835,0.00023811373445667257
1741.999999999973,0.04147619047618983,4.7619047619047614e-5,7000.0,0.10793859443281531,0.00721504642627547,0.00023809910344876277
1743.9999999999725,0.04152380952380887,4.7619047619047614e-5,7000.0,0.10788056661105896,0.007211844532436829,0.00023807675501711062
1745.9999999999725,0.04157142857142792,4.7619047619047614e-5,7000.0,0.10782080624376042,0.007208796230229962,0.00023804548961845953
1747.9999999999725,0.041619047619046966,4.7619047619047614e-5,7000.0,0.10775869556377587,0.00720590897954581,0.0002380036870961228
1749.9999999999723,0.04166666666666601,4.7619047619047614e-5,7000.0,0.10769556529482119,0.007203174596118004,0.00023795454819301688
1751.9999999999725,0.04171428571428506,4.7619047619047614e-5,7000.0,0.10763089923205248,0.007200577719529444,0.00023789743419818645
1753.9999999999723,0.041761904761904105,4.7619047619047614e-5,7000.0,0.10756044919038982,0.007198189899172768,0.00023782058280794342
1755.9999999999723,0.04180952380952315,4.7619047619047614e-5,7000.0,0.10749325195529237,0.007195933647162494,0.00023774652792210498
1757.9999999999723,0.0418571428571422,4.7619047619047614e-5,7000.0,0.10742675889731403,0.007193831702253431,0.00023766888643632114
1759.999999999972,0.041904761904761244,4.7619047619047614e-5,7000.0,0.1073594964430059,0.007191856398690039,0.00023758531315883083
1761.9999999999723,0.04195238095238029,4.7619047619047614e-5,7000.0,0.10729252503285706,0.007189969305636396,0.00023749942440510447
1763.999999999972,0.041999999999999336,4.7619047619047614e-5,7000.0,0.107223991841999,0.0071882023866663685,0.00023740606345967738
1765.999999999972,0.04204761904761838,4.7619047619047614e-5,7000.0,0.10715513451079275,0.007186626035800607,0.00023730564593333158
1767.999999999972,0.04209523809523743,4.7619047619047614e-5,7000.0,0.10708576913870833,0.007185163331950984,0.00023720030715843488
1769.9999999999718,0.042142857142856475,4.7619047619047614e-5,7000.0,0.10701542266458548,0.0071838267967898484,0.0002370885878226927
1771.9999999999718,0.04219047619047552,4.7619047619047614e-5,7000.0,0.10694488232489824,0.007182674750752717,0.00023697031051844454
1773.9999999999718,0.04223809523809457,4.7619047619047614e-5,7000.0,0.10686687227300536,0.007181675923883729,0.00023683038827267445
1775.9999999999718,0.042285714285713615,4.7619047619047614e-5,7000.0,0.10678959549363612,0.0071808738509149496,0.00023668556705575084
1777.9999999999718,0.04233333333333266,4.7619047619047614e-5,7000.0,0.10671718286922004,0.007180280310572294,0.0002365446254440779
1779.9999999999716,0.04238095238095171,4.7619047619047614e-5,7000.0,0.1066481305056464,0.007179881828801195,0.0002364046866815524
1781.9999999999716,0.042428571428570754,4.7619047619047614e-5,7000.0,0.10658529965591988,0.007179648477727048,0.00023627308988449132
1783.9999999999716,0.0424761904761898,4.7619047619047614e-5,7000.0,0.10653027627773225,0.007179623507004557,0.00023615193807871636
1785.9999999999716,0.042523809523808846,4.7619047619047614e-5,7000.0,0.10648518779409186,0.007179805000317785,0.0002360460207867534
1787.9999999999714,0.04257142857142789,4.7619047619047614e-5,7000.0,0.10645165977634152,0.007180178037537354,0.00023595943951763466
1789.9999999999714,0.04261904761904694,4.7619047619047614e-5,7000.0,0.1064303210598723,0.007180745921148001,0.00023589348345621545
1791.9999999999714,0.042666666666665985,4.7619047619047614e-5,7000.0,0.10640563213975456,0.007181436706057357,0.00023581607721440427
1793.9999999999714,0.04271428571428503,4.7619047619047614e-5,7000.0,0.10639250334679655,0.00718234277418561,0.00023575723615451748
1795.9999999999714,0.04276190476190408,4.7619047619047614e-5,7000.0,0.10638657462246259,0.00718348356045189,0.00023570666080447713
1797.9999999999711,0.042809523809523124,4.7619047619047614e-5,7000.0,0.10638733056239402,0.007184902060962044,0.00023566180022625537
1799.9999999999711,0.04285714285714217,4.7619047619047614e-5,7000.0,0.10637702290752732,0.0071864976856399285,0.00023558664829132514
1801.9999999999711,0.04290476190476122,4.7619047619047614e-5,7000.0,0.10637202611427654,0.0071882487067842045,0.00023551819717658424
1803.999999999971,0.04295238095238026,4.7619047619047614e-5,7000.0,0.10636920028436486,0.007190208358407039,0.00023544775302921956
1805.9999999999711,0.04299999999999931,4.7619047619047614e-5,7000.0,0.10636466395942576,0.007192514626251271,0.0002353622191836135
1807.999999999971,0.043047619047618356,4.7619047619047614e-5,7000.0,0.10636173433977131,0.007195043926629198,0.0002352730010910744
1809.999999999971,0.0430952380952374,4.7619047619047614e-5,7000.0,0.10635627814969036,0.007197767012145593,0.00023517192717987034
1811.999999999971,0.04314285714285645,4.7619047619047614e-5,7000.0,0.10635463580791056,0.007200586244289268,0.00023507622067566836
1813.9999999999707,0.043190476190475495,4.7619047619047614e-5,7000.0,0.10635138011839335,0.007203437256563082,0.00023497598781839542
1815.999999999971,0.04323809523809454,4.7619047619047614e-5,7000.0,0.1063586417317785,0.00720625961829674,0.0002348999962362368
1817.9999999999707,0.04328571428571359,4.7619047619047614e-5,7000.0,0.10637777578990536,0.007208912825596958,0.00023485578563204226
1819.9999999999704,0.043333333333332634,4.7619047619047614e-5,7000.0,0.10640773294481674,0.007211344136964526,0.00023484271946697715
1821.9999999999707,0.04338095238095168,4.7619047619047614e-5,7000.0,0.10644415840340193,0.007213527207923899,0.00023485201462259257
1823.9999999999704,0.04342857142857073,4.7619047619047614e-5,7000.0,0.10648754643823641,0.007215409835516452,0.00023488644137647935
1825.9999999999707,0.04347619047618977,4.7619047619047614e-5,7000.0,0.106534674328404,0.0072171194379436,0.00023493472951144535
1827.9999999999704,0.04352380952380882,4.7619047619047614e-5,7000.0,0.10658392659092333,0.007218630776775851,0.00023499413248374666
1829.9999999999702,0.043571428571427866,4.7619047619047614e-5,7000.0,0.10663402403465658,0.007220008809091213,0.00023505971357716055
1831.9999999999704,0.04361904761904691,4.7619047619047614e-5,7000.0,0.10668345076331148,0.007221342783088212,0.0002351252259461459
1833.9999999999702,0.04366666666666596,4.7619047619047614e-5,7000.0,0.10673223807081457,0.007222789335774409,0.00023518563932212235
1835.9999999999702,0.043714285714285005,4.7619047619047614e-5,7000.0,0.1067811556983454,0.00722445377552186,0.0002352392206596873
1837.9999999999702,0.04376190476190405,4.7619047619047614e-5,7000.0,0.10682945137838362,0.007226422722413969,0.00023528149276306695
1839.99999999997,0.0438095238095231,4.7619047619047614e-5,7000.0,0.10687840296814181,0.00722873887438691,0.00023531388306774264
1841.9999999999702,0.043857142857142144,4.7619047619047614e-5,7000.0,0.10693026198207282,0.007231415256488789,0.00023534092783964366
1843.99999999997,0.04390476190476119,4.7619047619047614e-5,7000.0,0.10698653882521603,0.007234386788081851,0.00023536806915518572
1845.99999999997,0.043952380952380236,4.7619047619047614e-5,7000.0,0.10704646664739711,0.0072375988173640415,0.00023539539476242875
1847.99999999997,0.04399999999999928,4.7619047619047614e-5,7000.0,0.10710383156134234,0.007240981430272921,0.00023541151681184328
1849.9999999999698,0.04404761904761833,4.7619047619047614e-5,7000.0,0.10716897450255394,0.007244525607187406,0.00023543946095309218
1851.9999999999698,0.044095238095237375,4.7619047619047614e-5,7000.0,0.10724255784413192,0.0072480603643119475,0.0002354862174541558
1853.9999999999698,0.04414285714285642,4.7619047619047614e-5,7000.0,0.10732416783934161,0.007251528585163184,0.00023555270622257438
1855.9999999999698,0.04419047619047547,4.7619047619047614e-5,7000.0,0.1074020010087082,0.007254829827221251,0.00023561626896276662
1857.9999999999698,0.044238095238094514,4.7619047619047614e-5,7000.0,0.10748458112161532,0.00725791699009887,0.00023569713479781567
1859.9999999999695,0.04428571428571356,4.7619047619047614e-5,7000.0,0.10756645369900578,0.007260728218153399,0.0002357853413967377
1861.9999999999695,0.04433333333333261,4.7619047619047614e-5,7000.0,0.10763823344252488,0.0072632178741993975,0.00023586180691220843
1863.9999999999695,0.04438095238095165,4.7619047619047614e-5,7000.0,0.1077167978630727,0.007265416778476866,0.00023596252433480573
1865.9999999999695,0.0444285714285707,4.7619047619047614e-5,7000.0,0.10780085959971555,0.007267352431444679,0.00023608377103901478
1867.9999999999693,0.044476190476189746,4.7619047619047614e-5,7000.0,0.10786893569541783,0.007269159714445294,0.0002361741246085362
1869.9999999999693,0.04452380952380879,4.7619047619047614e-5,7000.0,0.10793863648348852,0.007270983338188604,0.00023626745858045293
1871.9999999999695,0.04457142857142784,4.7619047619047614e-5,7000.0,0.1080152909315896,0.007272701126043619,0.0002363794026913867
1873.9999999999688,0.044619047619046885,4.7619047619047614e-5,7000.0,0.10809111517220707,0.007274450105695034,0.00023648846351291932
1875.9999999999693,0.04466666666666593,4.7619047619047614e-5,7000.0,0.10815147008266951,0.007276133276938748,0.0002365657748582907
1877.9999999999693,0.04471428571428498,4.7619047619047614e-5,7000.0,0.1082105171655202,0.007277699423949959,0.00023664399555643634
1879.9999999999688,0.044761904761904024,4.7619047619047614e-5,7000.0,0.10827005617254552,0.0072788964729818975,0.00023673526189937127
1881.9999999999688,0.04480952380952307,4.7619047619047614e-5,7000.0,0.10832981662417679,0.007279601086440932,0.00023684300273115266
1883.9999999999688,0.04485714285714212,4.7619047619047614e-5,7000.0,0.10837406765850752,0.007279689919505299,0.00023693685804682062
1885.9999999999686,0.04490476190476116,4.7619047619047614e-5,7000.0,0.10840262918465085,0.007279208304719387,0.00023701498235335956
1887.9999999999686,0.04495238095238021,4.7619047619047614e-5,7000.0,0.10842080893289976,0.007278031036150391,0.00023709307627272882
1889.9999999999686,0.044999999999999256,4.7619047619047614e-5,7000.0,0.10844220795794901,0.007276158487804889,0.0002372009002447345
1891.9999999999684,0.0450476190476183,4.7619047619047614e-5,7000.0,0.10846770911294948,0.007273504522410645,0.0002373432506708366
1893.9999999999684,0.04509523809523735,4.7619047619047614e-5,7000.0,0.10848263784690144,0.007270562653804091,0.00023747196572123123
1895.9999999999686,0.045142857142856395,4.7619047619047614e-5,7000.0,0.10848324651882292,0.007267473591566232,0.00023757423688699434
1897.9999999999686,0.04519047619047544,4.7619047619047614e-5,7000.0,0.10847396101080137,0.007264359947941498,0.0002376557221193137
1899.9999999999684,0.04523809523809449,4.7619047619047614e-5,7000.0,0.1084568277415222,0.007261205165690054,0.000237721423004153
1901.9999999999684,0.045285714285713534,4.7619047619047614e-5,7000.0,0.10843255557074141,0.0072581434379419265,0.00023776847838189846
1903.9999999999684,0.04533333333333258,4.7619047619047614e-5,7000.0,0.10840307447331528,0.0072551436132198095,0.00023780211762245476
1905.9999999999682,0.04538095238095163,4.7619047619047614e-5,7000.0,0.10836983379493959,0.007252276218085405,0.00023782319111757602
1907.9999999999682,0.04542857142857067,4.7619047619047614e-5,7000.0,0.1083328085343995,0.0072495525195309905,0.0002378312582856217
1909.9999999999682,0.04547619047618972,4.7619047619047614e-5,7000.0,0.1082939823027281,0.0072469911537458315,0.00023783004870478838
1911.999999999968,0.045523809523808766,4.7619047619047614e-5,7000.0,0.10825287284193595,0.00724452960361531,0.00023782054542360556
1913.999999999968,0.04557142857142781,4.7619047619047614e-5,7000.0,0.10821157716335167,0.007242138036208584,0.0002378083284136597
1915.9999999999682,0.04561904761904686,4.7619047619047614e-5,7000.0,0.10816910940462028,0.007239801844742279,0.00023779170785034353
1917.9999999999677,0.045666666666665905,4.7619047619047614e-5,7000.0,0.10812678387199723,0.007237440578056779,0.00023777621312751285
1919.999999999968,0.04571428571428495,4.7619047619047614e-5,7000.0,0.1080843217284682,0.007235054710077349,0.00023776121623324338
1921.999999999968,0.045761904761904,4.7619047619047614e-5,7000.0,0.10803974807792677,0.007232677913422178,0.00023774126489298095
1923.9999999999677,0.045809523809523044,4.7619047619047614e-5,7000.0,0.10799414608782686,0.0072302603426597604,0.00023772037741787762
1925.9999999999677,0.04585714285714209,4.7619047619047614e-5,7000.0,0.1079467335520907,0.007227758713087437,0.000237698253600115
1927.9999999999677,0.045904761904761136,4.7619047619047614e-5,7000.0,0.10789820463271863,0.007225249104631218,0.00023767391780348186
1929.9999999999677,0.04595238095238018,4.7619047619047614e-5,7000.0,0.10784699668052311,0.007222748129990899,0.00023764337770618217
1931.9999999999675,0.04599999999999923,4.7619047619047614e-5,7000.0,0.10779409843835806,0.007220201251140713,0.0002376106012265044
1933.9999999999675,0.046047619047618275,4.7619047619047614e-5,7000.0,0.10774023669686955,0.007217667177628963,0.00023757525552502138
1935.9999999999677,0.04609523809523732,4.7619047619047614e-5,7000.0,0.10768489999486286,0.007215139164089975,0.0002375364319490639
1937.9999999999673,0.04614285714285637,4.7619047619047614e-5,7000.0,0.10762831054988889,0.007212632075576657,0.000237494127818448
1939.9999999999675,0.046190476190475414,4.7619047619047614e-5,7000.0,0.10757184783977232,0.007210103328919029,0.00023745278729307454
1941.9999999999675,0.04623809523809446,4.7619047619047614e-5,7000.0,0.10751613081444397,0.00720755673046266,0.00023741365238113342
1943.9999999999673,0.04628571428571351,4.7619047619047614e-5,7000.0,0.10746064185058658,0.0072050186954967215,0.00023737471144992726
1945.9999999999673,0.04633333333333255,4.7619047619047614e-5,7000.0,0.1074054948274849,0.007202409926679024,0.00023733882951740273
1947.9999999999673,0.0463809523809516,4.7619047619047614e-5,7000.0,0.10734305210377137,0.00719978645470535,0.0002372872786764515
1949.999999999967,0.046428571428570646,4.7619047619047614e-5,7000.0,0.10727585626216089,0.007197094426639043,0.00023722743910853028
1951.999999999967,0.04647619047618969,4.7619047619047614e-5,7000.0,0.10721316125293717,0.007194449355679332,0.00023717596350085368
1953.999999999967,0.04652380952380874,4.7619047619047614e-5,7000.0,0.10715350108376888,0.007191827297236443,0.00023713040736723218
1955.9999999999668,0.046571428571427785,4.7619047619047614e-5,7000.0,0.10709740797523955,0.007189333554338222,0.0002370884831362891
1957.9999999999668,0.04661904761904683,4.7619047619047614e-5,7000.0,0.10704532346037432,0.00718706720973821,0.00023704790655784019
1959.999999999967,0.04666666666666588,4.7619047619047614e-5,7000.0,0.10700133108629338,0.00718517297694471,0.00023701295451675414
1961.999999999967,0.046714285714284924,4.7619047619047614e-5,7000.0,0.10694106019520655,0.00718368733472832,0.00023692844017965238
1963.9999999999668,0.04676190476190397,4.7619047619047614e-5,7000.0,0.10688684210856199,0.00718282017580794,0.00023683690885588802
1965.9999999999668,0.04680952380952302,4.7619047619047614e-5,7000.0,0.10682936381458938,0.007182787934565106,0.00023671061255525983
1967.9999999999668,0.04685714285714206,4.7619047619047614e-5,7000.0,0.1067771085490173,0.007183496782522887,0.00023657147972811578
1969.9999999999666,0.04690476190476111,4.7619047619047614e-5,7000.0,0.10672633920976461,0.00718472361979686,0.0002364186201475161
1971.9999999999666,0.046952380952380156,4.7619047619047614e-5,7000.0,0.10667681367050567,0.007186405134019315,0.00023625361905331766
1973.9999999999666,0.0469999999999992,4.7619047619047614e-5,7000.0,0.10664704144254696,0.007188370256805293,0.0002361231156066105
1975.9999999999663,0.04704761904761825,4.7619047619047614e-5,7000.0,0.1066258602986186,0.007190394436229465,0.00023600976105630524
1977.9999999999663,0.047095238095237295,4.7619047619047614e-5,7000.0,0.10661562288782055,0.0071923256408478325,0.0002359237365039247
1979.9999999999666,0.04714285714285634,4.7619047619047614e-5,7000.0,0.10661515232868134,0.007194208198333895,0.0002358609597305611
1981.9999999999661,0.04719047619047539,4.7619047619047614e-5,7000.0,0.10661988609391095,0.007196021353724754,0.00023581200040432546
1983.9999999999663,0.047238095238094434,4.7619047619047614e-5,7000.0,0.10662811020207566,0.007197780734509945,0.00023577254486015
1985.9999999999663,0.04728571428571348,4.7619047619047614e-5,7000.0,0.10663767267877586,0.007199521251513715,0.00023573668489518457
1987.999999999966,0.047333333333332527,4.7619047619047614e-5,7000.0,0.10664964625052112,0.0072012155477706565,0.00023570768389271713
1989.9999999999661,0.04738095238095157,4.7619047619047614e-5,7000.0,0.10666298400671104,0.007202891811208494,0.00023568230086676306
1991.9999999999661,0.04742857142857062,4.7619047619047614e-5,7000.0,0.10667885007087333,0.007204640718211062,0.0002356601387383894
1993.9999999999661,0.047476190476189666,4.7619047619047614e-5,7000.0,0.10668563193111529,0.00720647044649517,0.00023561528219376047
1995.999999999966,0.04752380952380871,4.7619047619047614e-5,7000.0,0.10669232017230984,0.007208513243697942,0.00023556327874144623
1997.999999999966,0.04757142857142776,4.7619047619047614e-5,7000.0,0.10670090543332322,0.0072107478600847725,0.00023550922680431397
1999.9999999999661,0.047619047619046805,4.7619047619047614e-5,7000.0,0.10670947404503968,0.007213394929160849,0.0002354417085961504
2001.9999999999657,0.04766666666666585,4.7619047619047614e-5,7000.0,0.10672030209236215,0.007216287643759423,0.00023537121086003685
2003.999999999966,0.0477142857142849,4.7619047619047614e-5,7000.0,0.10673521378713723,0.007219412509535115,0.00023530220573705646
2005.999999999966,0.047761904761903944,4.7619047619047614e-5,7000.0,0.1067550262302515,0.007222746020543294,0.00023523726400075524
2007.9999999999652,0.04780952380952299,4.7619047619047614e-5,7000.0,0.10677957752329952,0.007226209157117987,0.00023517860076548405
2009.9999999999657,0.047857142857142036,4.7619047619047614e-5,7000.0,0.10681004825870453,0.007229756663234693,0.00023513028092222085
2011.9999999999657,0.04790476190476108,4.7619047619047614e-5,7000.0,0.10684584894268274,0.007233409963771229,0.0002350902975670983
2013.9999999999652,0.04795238095238013,4.7619047619047614e-5,7000.0,0.10688741801800156,0.0072370452081390695,0.00023506362669619194
2015.9999999999652,0.047999999999999175,4.7619047619047614e-5,7000.0,0.10693515731745207,0.0072407113614931665,0.0002350495417880085
2017.9999999999652,0.04804761904761822,4.7619047619047614e-5,7000.0,0.10698915727070153,0.007244336553541935,0.00023505055447131329
2019.999999999965,0.04809523809523727,4.7619047619047614e-5,7000.0,0.10704897107905437,0.007247975543719363,0.00023506388504437436
2021.999999999965,0.048142857142856314,4.7619047619047614e-5,7000.0,0.10711319484914593,0.007251603454800552,0.0002350872401788798
2023.9999999999652,0.04819047619047536,4.7619047619047614e-5,7000.0,0.10718176031990943,0.007255225388705213,0.00023512028986391918
2025.9999999999652,0.04823809523809441,4.7619047619047614e-5,7000.0,0.10725403651552368,0.007258868319910788,0.00023516076233511327
2027.9999999999648,0.04828571428571345,4.7619047619047614e-5,7000.0,0.1073267434602102,0.007262502716520672,0.00023520241457247496
2029.999999999965,0.0483333333333325,4.7619047619047614e-5,7000.0,0.10739423450693122,0.0072662456808811286,0.00023522908572058676
2031.999999999965,0.048380952380951546,4.7619047619047614e-5,7000.0,0.10746938482410032,0.007270008125368754,0.00023527186670005423
2033.9999999999648,0.04842857142857059,4.7619047619047614e-5,7000.0,0.10755341278462259,0.007273693258769818,0.00023533652962938947
2035.9999999999648,0.04847619047618964,4.7619047619047614e-5,7000.0,0.1076423448182488,0.007277490920452118,0.00023540821213092274
2037.9999999999648,0.048523809523808685,4.7619047619047614e-5,7000.0,0.10773617852326707,0.007281294004663713,0.00023549035859321508
2039.9999999999645,0.04857142857142773,4.7619047619047614e-5,7000.0,0.10783373845265407,0.007285081269288712,0.00023558107140367077
2041.9999999999645,0.04861904761904678,4.7619047619047614e-5,7000.0,0.10792603388044635,0.007288822599418749,0.00023566167986783203
2043.9999999999648,0.048666666666665824,4.7619047619047614e-5,7000.0,0.10802613332435063,0.007292450489180928,0.00023576290476269782
2045.9999999999643,0.04871428571428487,4.7619047619047614e-5,7000.0,0.1081214698404587,0.007295790344418759,0.00023586295064844295
2047.9999999999643,0.04876190476190392,4.7619047619047614e-5,7000.0,0.108214622558034,0.00729895134490985,0.0002359639252417507
2049.9999999999645,0.04880952380952296,4.7619047619047614e-5,7000.0,0.10831070433779498,0.007301771484108473,0.00023608221679686817
2051.999999999964,0.04885714285714201,4.7619047619047614e-5,7000.0,0.10840782035220724,0.007304072950645313,0.00023621944352770466
2053.9999999999645,0.048904761904761056,4.7619047619047614e-5,7000.0,0.10850597630602919,0.007305850448239036,0.00023637580055144863
2055.9999999999645,0.0489523809523801,4.7619047619047614e-5,7000.0,0.10858600335958886,0.0073070275978975524,0.00023651202836902192
2057.9999999999645,0.04899999999999915,4.7619047619047614e-5,7000.0,0.10866064155719027,0.007307658863232871,0.00023665415349879553
2059.999999999964,0.049047619047618195,4.7619047619047614e-5,7000.0,0.10872448495075189,0.007307608423021785,0.00023679483373134982
2061.999999999964,0.04909523809523724,4.7619047619047614e-5,7000.0,0.10878919938391174,0.007306977468124029,0.00023695623686389384
2063.9999999999645,0.04914285714285629,4.7619047619047614e-5,7000.0,0.10884040342971023,0.0073061769094381526,0.00023709374175674824
2065.999999999964,0.049190476190475334,4.7619047619047614e-5,7000.0,0.10888217021989591,0.007305186689918293,0.00023721687536042176
2067.999999999964,0.04923809523809438,4.7619047619047614e-5,7000.0,0.10891652563612107,0.007303941533404837,0.00023733217688152872
2069.999999999964,0.049285714285713426,4.7619047619047614e-5,7000.0,0.10894609087372858,0.007302424586134627,0.00023744591523773478
2071.9999999999636,0.04933333333333247,4.7619047619047614e-5,7000.0,0.10897130083675313,0.0073006753124759734,0.00023755776611083645
2073.999999999964,0.04938095238095152,4.7619047619047614e-5,7000.0,0.10898682669650092,0.007298741203817583,0.00023765457242921843
2075.999999999964,0.049428571428570565,4.7619047619047614e-5,7000.0,0.10898864080490354,0.007296610731960062,0.0002377279200189405
2077.9999999999636,0.04947619047618961,4.7619047619047614e-5,7000.0,0.10898102840165119,0.007294287021680119,0.0002377870424046725
2079.9999999999636,0.04952380952380866,4.7619047619047614e-5,7000.0,0.10896987368532197,0.007291794391727801,0.00023784398069141076
2081.9999999999636,0.049571428571427704,4.7619047619047614e-5,7000.0,0.10895813118199839,0.007289023921240539,0.00023790874272119103
2083.999999999963,0.04961904761904675,4.7619047619047614e-5,7000.0,0.10894511639749953,0.007286056853965209,0.00023797719600482747
2085.999999999963,0.0496666666666658,4.7619047619047614e-5,7000.0,0.10893056306635648,0.007282846578649028,0.00023805029226649008
2087.999999999963,0.049714285714284843,4.7619047619047614e-5,7000.0,0.108914621793051,0.007279548430351867,0.0002381232929376975
2089.9999999999636,0.04976190476190389,4.7619047619047614e-5,7000.0,0.10889253522919821,0.007276217354272386,0.0002381839959379321
2091.999999999963,0.049809523809522936,4.7619047619047614e-5,7000.0,0.10886642004160091,0.007272884513626957,0.0002382359963763353
2093.999999999963,0.04985714285714198,4.7619047619047614e-5,7000.0,0.10883582619589177,0.007269522931060934,0.00023827918130025878
2095.999999999963,0.04990476190476103,4.7619047619047614e-5,7000.0,0.10880333016349114,0.0072660691151681086,0.00023832126485323827
2097.999999999963,0.049952380952380075,4.7619047619047614e-5,7000.0,0.10876764822374352,0.007262562309500613,0.000238358145866008
2099.999999999963,0.04999999999999912,4.7619047619047614e-5,7000.0,0.10872973432186779,0.007259012063246662,0.0002383915955452208
2101.999999999963,0.05004761904761817,4.7619047619047614e-5,7000.0,0.1086900637796033,0.007255382366595556,0.00023842383545685195
2103.9999999999627,0.050095238095237214,4.7619047619047614e-5,7000.0,0.10864854377453272,0.007251742674354053,0.0002384523772831381
2105.9999999999627,0.05014285714285626,4.7619047619047614e-5,7000.0,0.1086054224940975,0.00724809679850488,0.0002384776351232625
2107.9999999999627,0.05019047619047531,4.7619047619047614e-5,7000.0,0.10856028727899474,0.007244402825186633,0.00023850007738192137
2109.9999999999627,0.05023809523809435,4.7619047619047614e-5,7000.0,0.10851320340435269,0.00724071630550242,0.00023851801374146856
2111.9999999999627,0.0502857142857134,4.7619047619047614e-5,7000.0,0.10846363068626792,0.007236990856826751,0.00023853177806808137
2113.9999999999627,0.050333333333332446,4.7619047619047614e-5,7000.0,0.1084117789091719,0.007233252689602025,0.00023854096135178334
2115.9999999999623,0.05038095238095149,4.7619047619047614e-5,7000.0,0.10835680705868324,0.007229512065289146,0.0002385433664858885
2117.9999999999627,0.05042857142857054,4.7619047619047614e-5,7000.0,0.10829851370014568,0.007225793293092575,0.00023853773676809088
2119.9999999999627,0.050476190476189585,4.7619047619047614e-5,7000.0,0.10823609050133025,0.007222093489544521,0.00023852237372954405
2121.9999999999627,0.05052380952380863,4.7619047619047614e-5,7000.0,0.10817013797229821,0.007218478821387048,0.00023849640040802294
2123.9999999999623,0.05057142857142768,4.7619047619047614e-5,7000.0,0.10809371314302443,0.007214776357823225,0.0002384502015120014
2125.9999999999623,0.050619047619046724,4.7619047619047614e-5,7000.0,0.10801359049977965,0.007211503651959904,0.00023838158695893701
2127.9999999999623,0.05066666666666577,4.7619047619047614e-5,7000.0,0.10793074415791215,0.007208524055210067,0.0002382972063733765
2129.9999999999623,0.05071428571428482,4.7619047619047614e-5,7000.0,0.1078488862791653,0.007205840580028421,0.00023820514994264759
2131.9999999999623,0.05076190476190386,4.7619047619047614e-5,7000.0,0.1077727030182107,0.007203365861336404,0.00023811866210750587
2133.9999999999623,0.05080952380952291,4.7619047619047614e-5,7000.0,0.10770218180338997,0.007201221669038418,0.0002380337032185872
2135.999999999962,0.050857142857141956,4.7619047619047614e-5,7000.0,0.10763120997204648,0.007199316009832837,0.00023793981365197284
2137.9999999999623,0.050904761904761,4.7619047619047614e-5,7000.0,0.10755833924619718,0.007197684173603142,0.00023783262711870058
2139.9999999999623,0.05095238095238005,4.7619047619047614e-5,7000.0,0.10748465272638259,0.007196505645952741,0.00023770861345103286
2141.999999999962,0.050999999999999095,4.7619047619047614e-5,7000.0,0.1074129315210977,0.007195645550390549,0.00023757839215198835
2143.999999999962,0.05104761904761814,4.7619047619047614e-5,7000.0,0.10734552200120934,0.00719493397758613,0.00023745277577938353
2145.999999999962,0.05109523809523719,4.7619047619047614e-5,7000.0,0.10728129331135824,0.007194290341096252,0.0002373319302149877
2147.999999999962,0.051142857142856234,4.7619047619047614e-5,7000.0,0.10722032039934544,0.007193736608982192,0.00023721530157422605
2149.999999999962,0.05119047619047528,4.7619047619047614e-5,7000.0,0.10715961953203201,0.007193586733093677,0.000237085945873277
2151.999999999962,0.051238095238094326,4.7619047619047614e-5,7000.0,0.10710581645855295,0.007193091369091743,0.00023698322805295328
2153.999999999962,0.05128571428571337,4.7619047619047614e-5,7000.0,0.10705731824473078,0.00719277602423289,0.00023688630558502948
2155.9999999999613,0.05133333333333242,4.7619047619047614e-5,7000.0,0.10699485298612228,0.007192544641518639,0.000236755704508725
2157.999999999962,0.051380952380951465,4.7619047619047614e-5,7000.0,0.10694243566495139,0.007192542365696662,0.00023663979156437597
2159.999999999962,0.05142857142857051,4.7619047619047614e-5,7000.0,0.10688766248615982,0.007193076944327213,0.00023650101301400203
2161.9999999999613,0.05147619047618956,4.7619047619047614e-5,7000.0,0.10683781851633313,0.007194080458215954,0.00023635775308309485
2163.9999999999613,0.051523809523808604,4.7619047619047614e-5,7000.0,0.10677452248495546,0.007195400408418492,0.00023617439037687275
2165.9999999999613,0.05157142857142765,4.7619047619047614e-5,7000.0,0.10672464524440035,0.007197072617379167,0.00023600921851696786
2167.9999999999613,0.0516190476190467,4.7619047619047614e-5,7000.0,0.10669067689104648,0.007198912161344787,0.00023587381299368845
2169.9999999999613,0.05166666666666574,4.7619047619047614e-5,7000.0,0.10667040042691231,0.007200824329624084,0.00023576636135520337
2171.9999999999613,0.05171428571428479,4.7619047619047614e-5,7000.0,0.1066607238750822,0.007202778793391401,0.00023568100486515402
2173.999999999961,0.051761904761903836,4.7619047619047614e-5,7000.0,0.10666057535198621,0.007204839414675877,0.00023561327079290437
2175.999999999961,0.05180952380952288,4.7619047619047614e-5,7000.0,0.10666873146988173,0.007206952464641598,0.00023556220150007545
2177.9999999999613,0.05185714285714193,4.7619047619047614e-5,7000.0,0.10668230933659627,0.00720909891759005,0.00023552204048621822
2179.999999999961,0.051904761904760975,4.7619047619047614e-5,7000.0,0.10670169571763509,0.007211240316601017,0.00023549488803825328
2181.999999999961,0.05195238095238002,4.7619047619047614e-5,7000.0,0.10672596547925634,0.007213376929391488,0.00023547868257193025
2183.999999999961,0.05199999999999907,4.7619047619047614e-5,7000.0,0.10675585490982645,0.007215471992028133,0.000235476238168091
2185.9999999999613,0.052047619047618114,4.7619047619047614e-5,7000.0,0.10678994783459486,0.007217480170927543,0.00023548589906575643
2187.999999999961,0.05209523809523716,4.7619047619047614e-5,7000.0,0.10682573793455001,0.007219455917899698,0.0002355003539750022
2189.999999999961,0.05214285714285621,4.7619047619047614e-5,7000.0,0.10685823353744386,0.007221441827069976,0.00023550720873774262
2191.999999999961,0.05219047619047525,4.7619047619047614e-5,7000.0,0.10689400565583074,0.007223481072264892,0.0002355195399118588
2193.9999999999604,0.0522380952380943,4.7619047619047614e-5,7000.0,0.10692881759194516,0.0072257193613672905,0.00023552326111250194
2195.999999999961,0.052285714285713346,4.7619047619047614e-5,7000.0,0.1069641337458246,0.0072281936638549605,0.0002355203998520341
2197.999999999961,0.05233333333333239,4.7619047619047614e-5,7000.0,0.10700203684069401,0.007230955006662741,0.00023551388534994152
2199.9999999999604,0.05238095238095144,4.7619047619047614e-5,7000.0,0.10704291681369708,0.007234010097710334,0.00023550436208634424
2201.9999999999604,0.052428571428570485,4.7619047619047614e-5,7000.0,0.10708744281522414,0.0072374113815256895,0.00023549160008534329
2203.9999999999604,0.05247619047618953,4.7619047619047614e-5,7000.0,0.10713659430221642,0.007241127835074099,0.00023547876736323693
2205.9999999999604,0.05252380952380858,4.7619047619047614e-5,7000.0,0.10719097148814755,0.007245157320302402,0.0002354672536834444
2207.9999999999604,0.052571428571427624,4.7619047619047614e-5,7000.0,0.1072507412957717,0.007249463271332937,0.00023545861243260864
2209.9999999999604,0.05261904761904667,4.7619047619047614e-5,7000.0,0.10731694544015294,0.0072539962510587445,0.00023545672968649096
2211.9999999999595,0.05266666666666572,4.7619047619047614e-5,7000.0,0.10738877406461395,0.0072586615922973705,0.0002354628881321437
2213.9999999999595,0.05271428571428476,4.7619047619047614e-5,7000.0,0.10746876367414725,0.007263346739426064,0.00023548627898861392
2215.9999999999604,0.05276190476190381,4.7619047619047614e-5,7000.0,0.10755689587227449,0.0072679524462572346,0.00023553004464838096
2217.9999999999604,0.052809523809522856,4.7619047619047614e-5,7000.0,0.1076538144385926,0.007272358346202504,0.00023559945611792554
2219.9999999999595,0.0528571428571419,4.7619047619047614e-5,7000.0,0.10775201351462359,0.007276635628486651,0.00023567574981796433
2221.9999999999595,0.05290476190476095,4.7619047619047614e-5,7000.0,0.10783425146360354,0.007280716227267692,0.0002357234318619728
2223.9999999999595,0.052952380952379995,4.7619047619047614e-5,7000.0,0.10791732726688376,0.007284568186323157,0.00023578029116451445
2225.9999999999595,0.05299999999999904,4.7619047619047614e-5,7000.0,0.10800228565797935,0.007288037807119344,0.00023585357379594135
2227.9999999999595,0.05304761904761809,4.7619047619047614e-5,7000.0,0.10808859909493476,0.007291079442064712,0.0002359435934628286
2229.9999999999595,0.053095238095237134,4.7619047619047614e-5,7000.0,0.10817583731906905,0.007293655399652459,0.0002360506260448627
2231.999999999959,0.05314285714285618,4.7619047619047614e-5,7000.0,0.10826316536173686,0.007295775189150082,0.00023617254473137016
2233.999999999959,0.053190476190475226,4.7619047619047614e-5,7000.0,0.1083349453674334,0.007297478043821099,0.00023627398344030088
2235.9999999999595,0.05323809523809427,4.7619047619047614e-5,7000.0,0.10840640497947408,0.00729886203257486,0.000236385002734715
2237.999999999959,0.05328571428571332,4.7619047619047614e-5,7000.0,0.1084691566741141,0.007299804530045601,0.00023649129763186503
2239.999999999959,0.053333333333332365,4.7619047619047614e-5,7000.0,0.10853751087668352,0.007300175110849201,0.00023662831513784178
2241.999999999959,0.05338095238095141,4.7619047619047614e-5,7000.0,0.10859969480745867,0.00730028382397915,0.00023676035978361778
2243.999999999959,0.05342857142857046,4.7619047619047614e-5,7000.0,0.10865726179005739,0.007300058782582354,0.00023689316527120263
2245.999999999959,0.053476190476189504,4.7619047619047614e-5,7000.0,0.10871060381517725,0.007299437958176431,0.00023702961875728462
2247.999999999959,0.05352380952380855,4.7619047619047614e-5,7000.0,0.1087575423955762,0.00729837954898098,0.00023716635116899473
2249.999999999959,0.0535714285714276,4.7619047619047614e-5,7000.0,0.10879432921384645,0.007296816477528482,0.0002372973930216689
2251.9999999999586,0.05361904761904664,4.7619047619047614e-5,7000.0,0.10881747375768376,0.0072947982975648034,0.00023741353957777643
2253.9999999999586,0.05366666666666569,4.7619047619047614e-5,7000.0,0.10883385695670877,0.007292366119632664,0.0002375284787715649
2255.999999999959,0.053714285714284736,4.7619047619047614e-5,7000.0,0.1088451592753938,0.007289517803908531,0.0002376459677623
2257.9999999999586,0.05376190476190378,4.7619047619047614e-5,7000.0,0.1088526177583933,0.007286353362984193,0.0002377654681524469
2259.9999999999586,0.05380952380952283,4.7619047619047614e-5,7000.0,0.10885640786654276,0.007283006391588628,0.00023788301791409914
2261.9999999999586,0.053857142857141875,4.7619047619047614e-5,7000.0,0.10885746696203537,0.007279488837268229,0.00023800028198095623
2263.9999999999586,0.05390476190476092,4.7619047619047614e-5,7000.0,0.10885613002413741,0.007275903885777949,0.0002381146239858986
2265.9999999999586,0.05395238095237997,4.7619047619047614e-5,7000.0,0.10885265752930678,0.007272259539241721,0.00023822635070976596
2267.9999999999586,0.053999999999999014,4.7619047619047614e-5,7000.0,0.10884689720733698,0.007268622548788809,0.00023833293879938457
2269.999999999958,0.05404761904761806,4.7619047619047614e-5,7000.0,0.10883897352723536,0.007264998291648311,0.0002384344764102801
2271.999999999958,0.05409523809523711,4.7619047619047614e-5,7000.0,0.10882797731495826,0.007261386352763461,0.00023852897635417243
2273.999999999958,0.05414285714285615,4.7619047619047614e-5,7000.0,0.108814559018519,0.007257760052307631,0.00023861873116975865
2275.999999999958,0.0541904761904752,4.7619047619047614e-5,7000.0,0.10879857112337925,0.007254152822936918,0.00023870231050095885
2277.999999999958,0.054238095238094246,4.7619047619047614e-5,7000.0,0.1087759288536567,0.007250570570262729,0.00023877054362418914
2279.999999999958,0.05428571428571329,4.7619047619047614e-5,7000.0,0.10874990888359695,0.007247018285388027,0.000238830438644201
2281.999999999958,0.05433333333333234,4.7619047619047614e-5,7000.0,0.10872128154590062,0.007243467051089119,0.0002388846288009829
2283.999999999958,0.054380952380951385,4.7619047619047614e-5,7000.0,0.1086924587514488,0.007239863763825172,0.00023894016035966322
2285.999999999958,0.05442857142857043,4.7619047619047614e-5,7000.0,0.10866328077882849,0.007236208051532597,0.00023899669751576916
2287.999999999958,0.05447619047618948,4.7619047619047614e-5,7000.0,0.10863334914135722,0.0072324968002871436,0.00023905346905633308
2289.9999999999577,0.054523809523808524,4.7619047619047614e-5,7000.0,0.10859935739912101,0.0072288557319785006,0.00023909903845795703
2291.9999999999577,0.05457142857142757,4.7619047619047614e-5,7000.0,0.10855916636526126,0.0072253682679647,0.0002391259144751342
2293.9999999999577,0.054619047619046616,4.7619047619047614e-5,7000.0,0.1085133522510047,0.00722200343097931,0.0002391363638535071
2295.9999999999577,0.05466666666666566,4.7619047619047614e-5,7000.0,0.1084626279757105,0.007218823242267019,0.00023912988036607616
2297.9999999999577,0.05471428571428471,4.7619047619047614e-5,7000.0,0.10840587876016133,0.007215874275706064,0.00023910244006035108
2299.9999999999577,0.054761904761903756,4.7619047619047614e-5,7000.0,0.10834409156774363,0.007213152124473004,0.00023905634361020986
2301.9999999999573,0.0548095238095228,4.7619047619047614e-5,7000.0,0.10827892468679559,0.007210709101463867,0.00023899350055710928
2303.9999999999577,0.05485714285714185,4.7619047619047614e-5,7000.0,0.1082117927749604,0.007208571703252406,0.00023891614635948298
2305.9999999999577,0.054904761904760895,4.7619047619047614e-5,7000.0,0.10814374100601175,0.007206749299428294,0.00023882627562640278
2307.9999999999573,0.05495238095237994,4.7619047619047614e-5,7000.0,0.1080762838212405,0.007205264494845951,0.00023872648691046863
2309.9999999999573,0.05499999999999899,4.7619047619047614e-5,7000.0,0.10801128646313554,0.007204068945943337,0.00023862251013023487
2311.9999999999573,0.055047619047618034,4.7619047619047614e-5,7000.0,0.1079492750088086,0.007203084285543008,0.00023851811307165792
2313.9999999999573,0.05509523809523708,4.7619047619047614e-5,7000.0,0.10789091673909776,0.007202249867444679,0.00023841678683435952
2315.9999999999573,0.055142857142856126,4.7619047619047614e-5,7000.0,0.10783671264257381,0.007201502791312961,0.0002383217275781523
2317.9999999999573,0.05519047619047517,4.7619047619047614e-5,7000.0,0.10778338321987065,0.007200734134614588,0.00023822929581788572
2319.9999999999573,0.05523809523809422,4.7619047619047614e-5,7000.0,0.10771637005088237,0.007200007487302528,0.0002381052071924518
2321.999999999957,0.055285714285713265,4.7619047619047614e-5,7000.0,0.10765834536289447,0.0071993035131685664,0.00023800021485769933
2323.9999999999573,0.05533333333333231,4.7619047619047614e-5,7000.0,0.10761028190435797,0.007198476773906099,0.000237921282939661
2325.9999999999573,0.05538095238095136,4.7619047619047614e-5,7000.0,0.1075601096361543,0.007197629460559828,0.00023783834972200245
2327.999999999957,0.055428571428570404,4.7619047619047614e-5,7000.0,0.10750900621971425,0.007196875376063574,0.0002377502578921091
2329.999999999957,0.05547619047618945,4.7619047619047614e-5,7000.0,0.1074594457524023,0.007196321654456549,0.0002376589429242482
2331.999999999957,0.0555238095238085,4.7619047619047614e-5,7000.0,0.10741379817415056,0.0071959039620175715,0.00023757177730451655
2333.999999999957,0.05557142857142754,4.7619047619047614e-5,7000.0,0.10737248897885049,0.007195606522987666,0.00023749022849527205
2335.999999999957,0.05561904761904659,4.7619047619047614e-5,7000.0,0.10733618809846443,0.007195446842865115,0.00023741520549834072
2337.999999999957,0.055666666666665636,4.7619047619047614e-5,7000.0,0.10730306592746736,0.007195345347985656,0.00023734529095330932
2339.9999999999563,0.05571428571428468,4.7619047619047614e-5,7000.0,0.10727488649789857,0.007195272727036762,0.00023728535530846944
2341.9999999999563,0.05576190476190373,4.7619047619047614e-5,7000.0,0.1072355077512404,0.007195302089609641,0.00023719728401987205
2343.999999999957,0.055809523809522775,4.7619047619047614e-5,7000.0,0.10718382490800679,0.007195508707519916,0.00023707615746163392
2345.999999999957,0.05585714285714182,4.7619047619047614e-5,7000.0,0.10713510324371824,0.007196040562580441,0.00023695087752234584
2347.9999999999563,0.05590476190476087,4.7619047619047614e-5,7000.0,0.10708867914577082,0.007196868632187568,0.00023682094958638663
2349.9999999999563,0.055952380952379914,4.7619047619047614e-5,7000.0,0.10704836584351143,0.007197934519164076,0.0002366967430523814
2351.9999999999563,0.05599999999999896,4.7619047619047614e-5,7000.0,0.107004154602092,0.007199183912733822,0.00023655792576946757
2353.9999999999563,0.05604761904761801,4.7619047619047614e-5,7000.0,0.1069598689840275,0.007200586650795219,0.00023641395745705623
2355.9999999999563,0.05609523809523705,4.7619047619047614e-5,7000.0,0.10693066775431774,0.007202139785463318,0.00023629844529769837
2357.9999999999563,0.0561428571428561,4.7619047619047614e-5,7000.0,0.10691524265268068,0.007203737643655136,0.00023621195276358938
2359.999999999956,0.056190476190475146,4.7619047619047614e-5,7000.0,0.10691036075173752,0.007205402306091339,0.00023614659749105607
2361.999999999956,0.05623809523809419,4.7619047619047614e-5,7000.0,0.1069131103516095,0.007207167097254328,0.00023609484509205185
2363.9999999999563,0.05628571428571324,4.7619047619047614e-5,7000.0,0.1069225391150276,0.007209095014137558,0.0002360525224694793
2365.999999999956,0.056333333333332285,4.7619047619047614e-5,7000.0,0.10693732985993429,0.007211215190918738,0.00023601576430128297
2367.999999999956,0.05638095238095133,4.7619047619047614e-5,7000.0,0.1069568888064413,0.007213537931258611,0.00023598292146646049
2369.999999999956,0.05642857142857038,4.7619047619047614e-5,7000.0,0.1069811466762105,0.007216058117752431,0.00023595400748326043
2371.9999999999554,0.056476190476189424,4.7619047619047614e-5,7000.0,0.10700969182504201,0.007218742071671433,0.00023592921375500017
2373.999999999956,0.05652380952380847,4.7619047619047614e-5,7000.0,0.10704159021089976,0.007221658148604279,0.00023590424592133733
2375.999999999956,0.056571428571427516,4.7619047619047614e-5,7000.0,0.10707652428005723,0.0072247868546623005,0.00023587904350801808
2377.999999999956,0.05661904761904656,4.7619047619047614e-5,7000.0,0.10711343715339787,0.0072281874290618655,0.0002358493489804114
2379.9999999999554,0.05666666666666561,4.7619047619047614e-5,7000.0,0.1071534189236264,0.007231864879296919,0.0002358174077576207
2381.9999999999554,0.056714285714284655,4.7619047619047614e-5,7000.0,0.10719708159684721,0.007235796570027491,0.00023578531065721574
2383.999999999956,0.0567619047619037,4.7619047619047614e-5,7000.0,0.10724587318292271,0.007239993255918726,0.00023575589423809122
2385.9999999999554,0.05680952380952275,4.7619047619047614e-5,7000.0,0.10729985197701584,0.007244426745589968,0.0002357302024700095
2387.9999999999554,0.056857142857141794,4.7619047619047614e-5,7000.0,0.1073589178967168,0.007249065548530851,0.0002357090352386501
2389.9999999999554,0.05690476190476084,4.7619047619047614e-5,7000.0,0.10742331993486623,0.007253879210461297,0.00023569392148575427
2391.999999999955,0.05695238095237989,4.7619047619047614e-5,7000.0,0.10749452355017629,0.007258806201954075,0.00023569006117993827
2393.9999999999554,0.05699999999999893,4.7619047619047614e-5,7000.0,0.10757242492089746,0.007263758431063708,0.00023570006256438047
2395.9999999999554,0.05704761904761798,4.7619047619047614e-5,7000.0,0.10765721388578176,0.007268617951315632,0.0002357281379236927
2397.999999999955,0.057095238095237026,4.7619047619047614e-5,7000.0,0.10774731271594522,0.0072733470383903615,0.0002357720226066099
2399.999999999955,0.05714285714285607,4.7619047619047614e-5,7000.0,0.10784175489853173,0.007277909791794407,0.00023583073787417997
2401.999999999955,0.05719047619047512,4.7619047619047614e-5,7000.0,0.10793750285471587,0.007282312485723535,0.00023589741799739312
2403.999999999955,0.057238095238094165,4.7619047619047614e-5,7000.0,0.10802108515745099,0.007286561165197082,0.00023594243253009036
2405.999999999955,0.05728571428571321,4.7619047619047614e-5,7000.0,0.10810546619181781,0.00729061879261872,0.00023599532233259892
2407.999999999955,0.05733333333333226,4.7619047619047614e-5,7000.0,0.1081936441964674,0.007294394210561505,0.00023606557018897423
2409.999999999955,0.057380952380951304,4.7619047619047614e-5,7000.0,0.10828564414983236,0.007297813506979172,0.0002361556035359645
2411.9999999999545,0.05742857142857035,4.7619047619047614e-5,7000.0,0.10837139807727707,0.007300824688532374,0.00023624514256409798
2413.999999999955,0.0574761904761894,4.7619047619047614e-5,7000.0,0.10845379891133271,0.007303372791966725,0.00023634228575623368
2415.999999999955,0.05752380952380844,4.7619047619047614e-5,7000.0,0.10853917283661427,0.007305370259743025,0.00023646365977157723
2417.9999999999545,0.05757142857142749,4.7619047619047614e-5,7000.0,0.10862538149120418,0.007306651053258402,0.0002366099911375721
2419.9999999999545,0.057619047619046536,4.7619047619047614e-5,7000.0,0.10869929283104605,0.007307192610683322,0.00023675343851428348
2421.9999999999545,0.05766666666666558,4.7619047619047614e-5,7000.0,0.10877584782842938,0.007307008686428163,0.0002369261432939251
2423.9999999999545,0.05771428571428463,4.7619047619047614e-5,7000.0,0.10885898260379778,0.007306011009460392,0.00023713959859784946
2425.9999999999545,0.057761904761903675,4.7619047619047614e-5,7000.0,0.10893048113335081,0.007304496896341996,0.0002373445395593679
2427.9999999999545,0.05780952380952272,4.7619047619047614e-5,7000.0,0.10898639024370023,0.007302942955985112,0.00023751688656983903
2429.999999999954,0.05785714285714177,4.7619047619047614e-5,7000.0,0.10903370758081794,0.007301293635554136,0.00023767368347741303
2431.999999999954,0.057904761904760814,4.7619047619047614e-5,7000.0,0.10906937325762758,0.007299654419297685,0.0002378048178280274
2433.9999999999545,0.05795238095237986,4.7619047619047614e-5,7000.0,0.10908291427855485,0.007298200920559971,0.00023788170815348597
2435.999999999954,0.05799999999999891,4.7619047619047614e-5,7000.0,0.10908380778373268,0.007297139623024167,0.00023791825450740356
2437.999999999954,0.05804761904761795,4.7619047619047614e-5,7000.0,0.10907942000233384,0.007296305945800816,0.0002379358679848089
2439.999999999954,0.058095238095237,4.7619047619047614e-5,7000.0,0.10907213246015025,0.007295565420185026,0.00023794412132304102
2441.999999999954,0.058142857142856046,4.7619047619047614e-5,7000.0,0.10906626320871025,0.007294850288160871,0.0002379546423646242
2443.999999999954,0.05819047619047509,4.7619047619047614e-5,7000.0,0.10905826052908756,0.007294144556021621,0.00023796020376205685
2445.999999999954,0.05823809523809414,4.7619047619047614e-5,7000.0,0.109049034905814,0.007293418954442291,0.0002379637458518668
2447.999999999954,0.058285714285713185,4.7619047619047614e-5,7000.0,0.10903897016025599,0.007292608252371342,0.00023796823427353825
2449.9999999999536,0.05833333333333223,4.7619047619047614e-5,7000.0,0.1090285270266897,0.007291764059174954,0.00023797299080861043
2451.9999999999536,0.05838095238095128,4.7619047619047614e-5,7000.0,0.10901613266099712,0.007290819814786487,0.00023797675474808896
2453.999999999954,0.058428571428570324,4.7619047619047614e-5,7000.0,0.10899704103314499,0.007289806847770452,0.0002379681413386253
2455.9999999999536,0.05847619047618937,4.7619047619047614e-5,7000.0,0.10897858532642553,0.007288741494462365,0.00023796262439873905
2457.9999999999536,0.058523809523808416,4.7619047619047614e-5,7000.0,0.10895886708789156,0.007287573124634917,0.000237957712315916
2459.9999999999536,0.05857142857142746,4.7619047619047614e-5,7000.0,0.10894485919213767,0.007286257205738478,0.00023797009047695105
2461.9999999999536,0.05861904761904651,4.7619047619047614e-5,7000.0,0.10893482756756558,0.007284828574281412,0.00023799484236939006
2463.9999999999536,0.058666666666665555,4.7619047619047614e-5,7000.0,0.10892570663603836,0.007283375771797668,0.00023802238390652634
2465.9999999999536,0.0587142857142846,4.7619047619047614e-5,7000.0,0.10891551034934498,0.007281999732188009,0.00023804507675072778
2467.999999999953,0.05876190476190365,4.7619047619047614e-5,7000.0,0.10890416366806661,0.007280672951100467,0.0002380636527347625
2469.999999999953,0.058809523809522694,4.7619047619047614e-5,7000.0,0.10889254861358559,0.0072793359667385924,0.00023808198243515727
2471.999999999953,0.05885714285714174,4.7619047619047614e-5,7000.0,0.10887873987287516,0.007277934231646785,0.00023809764002860145
2473.9999999999536,0.05890476190476079,4.7619047619047614e-5,7000.0,0.10886322070088295,0.007276486634104016,0.000238111063301402
2475.999999999953,0.05895238095237983,4.7619047619047614e-5,7000.0,0.10884479295975694,0.007274965423937336,0.00023812053831018265
2477.999999999953,0.05899999999999888,4.7619047619047614e-5,7000.0,0.10882235537625878,0.007273386528425128,0.00023812313162991782
2479.999999999953,0.059047619047617926,4.7619047619047614e-5,7000.0,0.10879668324606573,0.007271716242353783,0.00023812163942483114
2481.999999999953,0.05909523809523697,4.7619047619047614e-5,7000.0,0.10876769045008755,0.0072699815316186744,0.00023811498706746047
2483.999999999953,0.05914285714285602,4.7619047619047614e-5,7000.0,0.10873587193294623,0.0072682035708492975,0.00023810356081583266
2485.999999999953,0.059190476190475065,4.7619047619047614e-5,7000.0,0.10870074812657922,0.007266403144135852,0.00023808562556969963
2487.9999999999523,0.05923809523809411,4.7619047619047614e-5,7000.0,0.10866231332647469,0.0072646071520383005,0.00023806028229422422
2489.9999999999523,0.05928571428571316,4.7619047619047614e-5,7000.0,0.10862098043723557,0.007262787518047412,0.0002380293505367735
2491.9999999999523,0.059333333333332204,4.7619047619047614e-5,7000.0,0.10857954314983982,0.007261017375288436,0.00023799655224307026
2493.9999999999523,0.05938095238095125,4.7619047619047614e-5,7000.0,0.10853728278698732,0.0072592772592342,0.00023796094911980573
2495.9999999999523,0.0594285714285703,4.7619047619047614e-5,7000.0,0.10849660406523197,0.007257530019088633,0.0002379290309547256
2497.9999999999523,0.05947619047618934,4.7619047619047614e-5,7000.0,0.10845685677445001,0.007255819614352787,0.00023789793276721562
2499.999999999952,0.05952380952380839,4.7619047619047614e-5,7000.0,0.10841940404448726,0.007254096130193043,0.00023787228306689648
2501.9999999999523,0.059571428571427436,4.7619047619047614e-5,7000.0,0.10838622751013943,0.007252460821268501,0.00023785311353539024
2503.9999999999523,0.05961904761904648,4.7619047619047614e-5,7000.0,0.10836134152690227,0.007250743023296691,0.00023785483899599336
2505.9999999999523,0.05966666666666553,4.7619047619047614e-5,7000.0,0.10832479745411015,0.00724902910155936,0.0002378308423474442
2507.999999999952,0.059714285714284575,4.7619047619047614e-5,7000.0,0.10828607277352191,0.007247303516754945,0.0002378024283110408
2509.999999999952,0.05976190476190362,4.7619047619047614e-5,7000.0,0.10824138281154053,0.007245962327449275,0.00023774828439693387
2511.999999999952,0.05980952380952267,4.7619047619047614e-5,7000.0,0.10819338595138701,0.007244892036756842,0.00023767796810013944
2513.999999999952,0.059857142857141714,4.7619047619047614e-5,7000.0,0.1081459883968786,0.007243855026263351,0.00023760785612796228
2515.999999999952,0.05990476190476076,4.7619047619047614e-5,7000.0,0.10808187418264946,0.007242843481056972,0.0002375001555645195
2517.999999999952,0.059952380952379807,4.7619047619047614e-5,7000.0,0.10802391180337084,0.007241795910824381,0.00023740712590272748
2519.9999999999513,0.05999999999999885,4.7619047619047614e-5,7000.0,0.10797487237832362,0.007240550779640803,0.0002373401581140389
2521.999999999952,0.0600476190476179,4.7619047619047614e-5,7000.0,0.10793040859360023,0.007238999430196456,0.00023729326412080242
2523.999999999952,0.060095238095236946,4.7619047619047614e-5,7000.0,0.10789216551031633,0.007237138339142107,0.00023727018411383955
2525.9999999999513,0.06014285714285599,4.7619047619047614e-5,7000.0,0.10785185372574185,0.007235224047397251,0.0002372442861427455
2527.9999999999513,0.06019047619047504,4.7619047619047614e-5,7000.0,0.10781217294638061,0.007233287693130456,0.00023722048642128187
2529.9999999999513,0.060238095238094085,4.7619047619047614e-5,7000.0,0.10777258842638962,0.007231433815551608,0.00023719418050927594
2531.9999999999513,0.06028571428571313,4.7619047619047614e-5,7000.0,0.1077350256442816,0.007229750629697082,0.00023716671229278544
2533.9999999999513,0.06033333333333218,4.7619047619047614e-5,7000.0,0.10770391237576929,0.007228274782074105,0.0002371466298908655
2535.9999999999513,0.060380952380951224,4.7619047619047614e-5,7000.0,0.10768239867319991,0.00722706339388802,0.00023713900236887098
2537.9999999999513,0.06042857142857027,4.7619047619047614e-5,7000.0,0.1076582579203503,0.007226097841660786,0.0002371175188619911
2539.999999999951,0.060476190476189316,4.7619047619047614e-5,7000.0,0.10761850359860167,0.007225403914866584,0.00023705272421696374
2541.9999999999513,0.06052380952380836,4.7619047619047614e-5,7000.0,0.10757919947515283,0.007225298143562142,0.00023696961744887132
2543.9999999999513,0.06057142857142741,4.7619047619047614e-5,7000.0,0.10753529158368674,0.007225935712966792,0.00023685199941178459
2545.999999999951,0.060619047619046455,4.7619047619047614e-5,7000.0,0.10749374075235334,0.007226997188377277,0.0002367257070431648
2547.999999999951,0.0606666666666655,4.7619047619047614e-5,7000.0,0.10745669557178,0.007228268070204141,0.0002366025180923702
2549.999999999951,0.06071428571428455,4.7619047619047614e-5,7000.0,0.10741277309886405,0.0072296945277880555,0.00023645914394010667
2551.999999999951,0.060761904761903594,4.7619047619047614e-5,7000.0,0.10738312905461582,0.007231268068109788,0.000236342445512249
2553.999999999951,0.06080952380952264,4.7619047619047614e-5,7000.0,0.10735895666052853,0.007232815688635399,0.00023623868453552966
2555.999999999951,0.06085714285714169,4.7619047619047614e-5,7000.0,0.10734387519367429,0.007234368174892364,0.00023615480902680123
2557.9999999999504,0.06090476190476073,4.7619047619047614e-5,7000.0,0.10733836751479514,0.007235980063904432,0.0002360900890069091
2559.9999999999504,0.06095238095237978,4.7619047619047614e-5,7000.0,0.10734311880904708,0.007237687424661443,0.0002360448436492074
2561.999999999951,0.060999999999998826,4.7619047619047614e-5,7000.0,0.10735844007215044,0.007239507063396581,0.00023601919675593462
2563.9999999999504,0.06104761904761787,4.7619047619047614e-5,7000.0,0.10738240326268586,0.0072415413710237376,0.00023600556020751762
2565.9999999999504,0.06109523809523692,4.7619047619047614e-5,7000.0,0.10741380346344874,0.007243768493916465,0.00023600198973595688
2567.9999999999504,0.061142857142855965,4.7619047619047614e-5,7000.0,0.10745094181940598,0.0072462231207058875,0.00023600361520157272
2569.9999999999504,0.06119047619047501,4.7619047619047614e-5,7000.0,0.10749169454287191,0.007248878004207516,0.00023600665534572607
2571.9999999999504,0.06123809523809406,4.7619047619047614e-5,7000.0,0.10753564336034871,0.007251658006062752,0.00023601263580077535
2573.9999999999504,0.061285714285713104,4.7619047619047614e-5,7000.0,0.10757861709580432,0.007254422257377998,0.0002360169848725611
2575.9999999999504,0.06133333333333215,4.7619047619047614e-5,7000.0,0.10762037283883981,0.007257083144332138,0.0002360220211624764
2577.99999999995,0.0613809523809512,4.7619047619047614e-5,7000.0,0.10766448933512518,0.007259571183888151,0.00023603784905615202
2579.99999999995,0.06142857142857024,4.7619047619047614e-5,7000.0,0.107709068309295,0.00726180361965032,0.00023606298841323366
2581.9999999999504,0.06147619047618929,4.7619047619047614e-5,7000.0,0.10775317126744799,0.00726381604576251,0.00023609422007660018
2583.99999999995,0.061523809523808336,4.7619047619047614e-5,7000.0,0.1077908687493107,0.007265645784825603,0.0002361173402844918
2585.99999999995,0.06157142857142738,4.7619047619047614e-5,7000.0,0.10782292496953408,0.0072673806270251535,0.00023613117804388952
2587.99999999995,0.06161904761904643,4.7619047619047614e-5,7000.0,0.10785237119026822,0.007268966820622266,0.00023614412367951442
2589.9999999999495,0.061666666666665475,4.7619047619047614e-5,7000.0,0.10787960104622339,0.007270422324527635,0.00023615645692774218
2591.99999999995,0.06171428571428452,4.7619047619047614e-5,7000.0,0.10790953000962558,0.0072719341201367355,0.00023617286438552335
2593.99999999995,0.06176190476190357,4.7619047619047614e-5,7000.0,0.10793369903717623,0.007273482104004267,0.0002361754862709079
2595.9999999999495,0.061809523809522614,4.7619047619047614e-5,7000.0,0.10795480769463062,0.007275031016233479,0.00023617138176863594
2597.9999999999495,0.06185714285714166,4.7619047619047614e-5,7000.0,0.10798146635848163,0.007276557007206881,0.00023618016207723423
2599.9999999999495,0.061904761904760706,4.7619047619047614e-5,7000.0,0.10801609392773266,0.00727799773466298,0.0002362091320831276
2601.99999999995,0.06195238095237975,4.7619047619047614e-5,7000.0,0.10806308788767983,0.007279206614895758,0.00023627265322986665
2603.9999999999495,0.0619999999999988,4.7619047619047614e-5,7000.0,0.10811437789827966,0.0072803458062154075,0.0002363478070935365
2605.9999999999495,0.062047619047617845,4.7619047619047614e-5,7000.0,0.10816559699753904,0.007281377465484001,0.00023642627396051232
2607.9999999999495,0.06209523809523689,4.7619047619047614e-5,7000.0,0.1082162608713048,0.007282291004208542,0.00023650734131108883
2609.999999999949,0.06214285714285594,4.7619047619047614e-5,7000.0,0.1082669358227795,0.007283073398811041,0.0002365926727090427
2611.9999999999495,0.062190476190474984,4.7619047619047614e-5,7000.0,0.10831430838540025,0.007283592706742783,0.00023667931858899256
2613.9999999999495,0.06223809523809403,4.7619047619047614e-5,7000.0,0.1083567457715249,0.007283857485422912,0.0002367634421925914
2615.999999999949,0.06228571428571308,4.7619047619047614e-5,7000.0,0.1083938162138852,0.007283993849244629,0.0002368400084909913
2617.999999999949,0.062333333333332124,4.7619047619047614e-5,7000.0,0.10842247421133458,0.007283981671710518,0.00023690302214798376
2619.999999999949,0.06238095238095117,4.7619047619047614e-5,7000.0,0.10843965518949213,0.007283814871918546,0.00023694598852486287
2621.999999999949,0.062428571428570216,4.7619047619047614e-5,7000.0,0.10845321550583578,0.007283593357794637,0.00023698282556497205
2623.999999999949,0.06247619047618926,4.7619047619047614e-5,7000.0,0.10846437811290711,0.00728325127543608,0.0002370183489931008
2625.9999999999495,0.06252380952380832,4.7619047619047614e-5,7000.0,0.10847233182822927,0.007282839596571396,0.0002370491285747182
2627.999999999949,0.06257142857142736,4.7619047619047614e-5,7000.0,0.108478688382521,0.007282359008093211,0.00023707866444123808
2629.999999999949,0.06261904761904641,4.7619047619047614e-5,7000.0,0.10848343299052432,0.007281903787343594,0.0002371038550938996
2631.999999999949,0.06266666666666545,4.7619047619047614e-5,7000.0,0.10848698956569415,0.00728147924561947,0.00023712545305854508
2633.999999999949,0.0627142857142845,4.7619047619047614e-5,7000.0,0.10849173726315983,0.007281077987347568,0.00023714889883152151
2635.999999999949,0.06276190476190355,4.7619047619047614e-5,7000.0,0.10849775868436351,0.007280723228348837,0.00023717361678812494
2637.999999999949,0.0628095238095226,4.7619047619047614e-5,7000.0,0.10850671650483809,0.007280356093385728,0.00023720515959521984
2639.9999999999486,0.06285714285714164,4.7619047619047614e-5,7000.0,0.10852039064965915,0.007279859180843692,0.0002372512457879039
2641.999999999949,0.06290476190476069,4.7619047619047614e-5,7000.0,0.10853760205801971,0.0072792079278137314,0.00023731010365660963
2643.999999999949,0.06295238095237973,4.7619047619047614e-5,7000.0,0.1085561962142598,0.007278366699516955,0.00023737819134476678
2645.9999999999486,0.06299999999999878,4.7619047619047614e-5,7000.0,0.10857549103582644,0.007277316592281053,0.00023745464248883368
2647.9999999999486,0.06304761904761783,4.7619047619047614e-5,7000.0,0.10859430207359462,0.007275969332388192,0.00023753975830673464
2649.9999999999486,0.06309523809523687,4.7619047619047614e-5,7000.0,0.10861157987254884,0.0072743314820162075,0.00023763104357385183
2651.9999999999486,0.06314285714285592,4.7619047619047614e-5,7000.0,0.10862644600346776,0.00727246229388665,0.0002377246540898492
2653.9999999999486,0.06319047619047496,4.7619047619047614e-5,7000.0,0.10863803840178751,0.007270384495590295,0.0002378179700116095
2655.9999999999486,0.06323809523809401,4.7619047619047614e-5,7000.0,0.10864536621005223,0.007268148514868005,0.00023790717871252824
2657.999999999948,0.06328571428571306,4.7619047619047614e-5,7000.0,0.10864960767885248,0.007265809633038219,0.00023799305239784782
2659.999999999948,0.0633333333333321,4.7619047619047614e-5,7000.0,0.10864918794031295,0.00726340490409934,0.0002380709261280727
2661.9999999999486,0.06338095238095115,4.7619047619047614e-5,7000.0,0.10864440716265224,0.007261024538689335,0.00023813849336399326
2663.9999999999486,0.0634285714285702,4.7619047619047614e-5,7000.0,0.10863537672879443,0.007258712071797363,0.00023819455889723245
2665.999999999948,0.06347619047618924,4.7619047619047614e-5,7000.0,0.1086221205230662,0.007256497331307787,0.0002382381832593322
2667.999999999948,0.06352380952380829,4.7619047619047614e-5,7000.0,0.10860500493198398,0.007254452558028394,0.00023826778438733944
2669.999999999948,0.06357142857142734,4.7619047619047614e-5,7000.0,0.10858456105622427,0.007252559656080369,0.00023828510836271707
2671.999999999948,0.06361904761904638,4.7619047619047614e-5,7000.0,0.10856067297801764,0.007250791390478231,0.00023829078509311077
2673.999999999948,0.06366666666666543,4.7619047619047614e-5,7000.0,0.10853534630408854,0.007249129809965127,0.00023828979915272702
2675.999999999948,0.06371428571428447,4.7619047619047614e-5,7000.0,0.10850993008922623,0.007247476625421817,0.00023828834007796754
2677.9999999999477,0.06376190476190352,4.7619047619047614e-5,7000.0,0.10848955457307133,0.007245657219948271,0.0002383034189997952
2679.9999999999477,0.06380952380952257,4.7619047619047614e-5,7000.0,0.10847180142215326,0.007243749067383665,0.00023832718695560243
2681.999999999948,0.06385714285714161,4.7619047619047614e-5,7000.0,0.10845363970523333,0.007241439033053487,0.00023836329735854922
2683.9999999999477,0.06390476190476066,4.7619047619047614e-5,7000.0,0.10843425690216071,0.00723886089596139,0.0002384055756079471
2685.9999999999477,0.0639523809523797,4.7619047619047614e-5,7000.0,0.1084124961164206,0.00723599369864948,0.00023845217904321268
2687.9999999999477,0.06399999999999875,4.7619047619047614e-5,7000.0,0.10837898191239632,0.007232975724718749,0.00023847792879597577
2689.9999999999477,0.0640476190476178,4.7619047619047614e-5,7000.0,0.10832993716980716,0.007229913910394461,0.00023847095828653624
2691.9999999999477,0.06409523809523685,4.7619047619047614e-5,7000.0,0.10827683399108018,0.007226932643979109,0.00023845238638522424
2693.9999999999477,0.06414285714285589,4.7619047619047614e-5,7000.0,0.10821809982705581,0.007223997842617628,0.00023841985967768748
2695.9999999999477,0.06419047619047494,4.7619047619047614e-5,7000.0,0.10815424995907422,0.007221338646511365,0.00023836693361138568
2697.9999999999472,0.06423809523809398,4.7619047619047614e-5,7000.0,0.10808675192950214,0.007219039025690868,0.0002382940553598327
2699.9999999999472,0.06428571428571303,4.7619047619047614e-5,7000.0,0.10801872854256725,0.007217196171472524,0.00023820489544132149
2701.9999999999477,0.06433333333333208,4.7619047619047614e-5,7000.0,0.10795163032845062,0.007215789134963234,0.00023810334892344968
2703.9999999999472,0.06438095238095112,4.7619047619047614e-5,7000.0,0.10789036818090605,0.007214860120236986,0.00023799886791750737
2705.9999999999472,0.06442857142857017,4.7619047619047614e-5,7000.0,0.10783909451554352,0.007214262334693236,0.00023790547327570482
2707.9999999999472,0.06447619047618922,4.7619047619047614e-5,7000.0,0.10779797137807488,0.007214026782480243,0.00023782251601512207
2709.999999999947,0.06452380952380826,4.7619047619047614e-5,7000.0,0.1077677393563669,0.00721403574785633,0.0002377555230371776
2711.9999999999472,0.06457142857142731,4.7619047619047614e-5,7000.0,0.1077511108570291,0.007214207228944577,0.0002377131869422034
2713.9999999999472,0.06461904761904635,4.7619047619047614e-5,7000.0,0.10771408656818993,0.007214546664718032,0.00023762032619170493
2715.999999999947,0.0646666666666654,4.7619047619047614e-5,7000.0,0.107678105654315,0.007215120762746467,0.00023752205044357615
2717.999999999947,0.06471428571428445,4.7619047619047614e-5,7000.0,0.10763810032613168,0.007215981973306946,0.0002374054674096468
2719.999999999947,0.0647619047619035,4.7619047619047614e-5,7000.0,0.10759928636648528,0.00721679526957705,0.00023729311500047788
2721.999999999947,0.06480952380952254,4.7619047619047614e-5,7000.0,0.10755965613435099,0.007217464497086846,0.0002371837223162787
2723.999999999947,0.06485714285714159,4.7619047619047614e-5,7000.0,0.10751880704079146,0.007217921592617603,0.0002370786298563804
2725.999999999947,0.06490476190476063,4.7619047619047614e-5,7000.0,0.10747523479609761,0.00721819878183621,0.000236973452723474
2727.999999999947,0.06495238095237968,4.7619047619047614e-5,7000.0,0.10742957060354211,0.007218404796369666,0.00023686600679962593
2729.9999999999463,0.06499999999999873,4.7619047619047614e-5,7000.0,0.10738185148210304,0.007218625653711375,0.0002367535495201868
2731.999999999947,0.06504761904761777,4.7619047619047614e-5,7000.0,0.10732595428405763,0.007218986508243135,0.00023661847998826115
2733.999999999947,0.06509523809523682,4.7619047619047614e-5,7000.0,0.10726858091758704,0.007219562389129444,0.00023647312636556586
2735.9999999999463,0.06514285714285586,4.7619047619047614e-5,7000.0,0.10721961550952328,0.007220416896159624,0.000236337209473726
2737.9999999999463,0.06519047619047491,4.7619047619047614e-5,7000.0,0.10718089251484172,0.007221486772080338,0.0002362168537743382
2739.9999999999463,0.06523809523809396,4.7619047619047614e-5,7000.0,0.1071519230621562,0.007222817997746696,0.00023610948278725676
2741.9999999999463,0.065285714285713,4.7619047619047614e-5,7000.0,0.1071340843673894,0.00722442097462421,0.00023601779520581037
2743.9999999999463,0.06533333333333205,4.7619047619047614e-5,7000.0,0.10712466494981036,0.007226337520851709,0.00023593445372056118
2745.9999999999463,0.0653809523809511,4.7619047619047614e-5,7000.0,0.10712598872568514,0.0072285299833269425,0.00023586580782850017
2747.999999999946,0.06542857142857014,4.7619047619047614e-5,7000.0,0.10713769314894123,0.00723096121425763,0.00023581226549100343
2749.999999999946,0.06547619047618919,4.7619047619047614e-5,7000.0,0.10715754462221723,0.007233572942309627,0.00023577080168034903
2751.9999999999463,0.06552380952380824,4.7619047619047614e-5,7000.0,0.10718562268545052,0.0072363107720936305,0.0002357433534303095
2753.9999999999463,0.06557142857142728,4.7619047619047614e-5,7000.0,0.10721958470776652,0.007239136063812595,0.00023572601415525755
2755.999999999946,0.06561904761904633,4.7619047619047614e-5,7000.0,0.10725750419170012,0.0072420823414021925,0.00023571344774994096
2757.999999999946,0.06566666666666537,4.7619047619047614e-5,7000.0,0.10729759998120841,0.0072451397792809786,0.00023570205598712305
2759.999999999946,0.06571428571428442,4.7619047619047614e-5,7000.0,0.1073387570425711,0.007248305866214525,0.00023568947122242723
2761.999999999946,0.06576190476190347,4.7619047619047614e-5,7000.0,0.10737979672847014,0.007251579955122496,0.00023567312976348844
2763.999999999946,0.06580952380952251,4.7619047619047614e-5,7000.0,0.10742226941671282,0.007255006503015033,0.00023565499450226685
2765.999999999946,0.06585714285714156,4.7619047619047614e-5,7000.0,0.10746588003772065,0.007258635230611683,0.00023563280807379207
2767.999999999945,0.0659047619047606,4.7619047619047614e-5,7000.0,0.10751042158188467,0.00726245922434072,0.000235606349035355
2769.999999999945,0.06595238095237965,4.7619047619047614e-5,7000.0,0.10755781907358807,0.007266500986840877,0.00023557911303866098
2771.999999999946,0.0659999999999987,4.7619047619047614e-5,7000.0,0.1076082275838352,0.007270748563041209,0.00023555183058292136
2773.999999999945,0.06604761904761774,4.7619047619047614e-5,7000.0,0.10766395443446948,0.007275152244346483,0.00023553116093731507
2775.999999999945,0.06609523809523679,4.7619047619047614e-5,7000.0,0.1077270478935288,0.007279629150156667,0.0002355242529982928
2777.999999999945,0.06614285714285584,4.7619047619047614e-5,7000.0,0.10779720117288535,0.007284097119457191,0.00023553306795303486
2779.9999999999445,0.06619047619047488,4.7619047619047614e-5,7000.0,0.10787513973252952,0.00728843176502598,0.00023556318119827792
2781.999999999945,0.06623809523809393,4.7619047619047614e-5,7000.0,0.1079598973698737,0.007292544141637901,0.00023561532146242127
2783.999999999945,0.06628571428571298,4.7619047619047614e-5,7000.0,0.1080483422307902,0.00729641843973713,0.00023568313551291595
2785.9999999999445,0.06633333333333202,4.7619047619047614e-5,7000.0,0.10814007183812356,0.007299933209063254,0.0002357696500288746
2787.9999999999445,0.06638095238095107,4.7619047619047614e-5,7000.0,0.10823023141989828,0.00730308358051696,0.00023586442812198035
2789.9999999999445,0.06642857142857012,4.7619047619047614e-5,7000.0,0.10831908157120794,0.007305826951777305,0.00023596941697391383
2791.999999999945,0.06647619047618916,4.7619047619047614e-5,7000.0,0.10840119920287122,0.007308203685724719,0.00023607150856955523
2793.9999999999445,0.06652380952380821,4.7619047619047614e-5,7000.0,0.10847116169949042,0.007310183196376333,0.00023615990329697652
2795.9999999999445,0.06657142857142725,4.7619047619047614e-5,7000.0,0.10854151978107479,0.007311829195822549,0.00023625988711189306
2797.9999999999445,0.0666190476190463,4.7619047619047614e-5,7000.0,0.10861728056107166,0.007313006388771563,0.00023638673600827597
2799.999999999944,0.06666666666666535,4.7619047619047614e-5,7000.0,0.10869748311732637,0.007314243684627527,0.00023652126570693156
2801.9999999999445,0.0667142857142844,4.7619047619047614e-5,7000.0,0.10875939101368365,0.0073149798994628775,0.00023663215655265188
2803.9999999999445,0.06676190476190344,4.7619047619047614e-5,7000.0,0.10881196411482902,0.007315696763665928,0.00023672334318754437
2805.999999999944,0.06680952380952249,4.7619047619047614e-5,7000.0,0.10885735439209551,0.007316294650571555,0.00023680273787298587
2807.999999999944,0.06685714285714153,4.7619047619047614e-5,7000.0,0.10889812279288724,0.0073167567093858545,0.00023687646349759476
2809.999999999944,0.06690476190476058,4.7619047619047614e-5,7000.0,0.10893334961610783,0.00731707722219554,0.00023694270994394412
2811.999999999944,0.06695238095237963,4.7619047619047614e-5,7000.0,0.1089624898751451,0.007317159202373563,0.00023700343802283974
2813.999999999944,0.06699999999999867,4.7619047619047614e-5,7000.0,0.10898456972050943,0.007317127299740401,0.00023705249726047219
2815.999999999944,0.06704761904761772,4.7619047619047614e-5,7000.0,0.10900546489395525,0.007316819736782303,0.00023710791280929464
2817.999999999944,0.06709523809523676,4.7619047619047614e-5,7000.0,0.10902520950871951,0.007316206906282063,0.0002371707257218629
2819.9999999999436,0.06714285714285581,4.7619047619047614e-5,7000.0,0.10904490042600823,0.0073152458224804056,0.00023724472619128067
2821.999999999944,0.06719047619047486,4.7619047619047614e-5,7000.0,0.10906357761208473,0.007313950219665693,0.00023732739445748177
2823.999999999944,0.0672380952380939,4.7619047619047614e-5,7000.0,0.10907849483861527,0.00731235216255474,0.0002374117281644182
2825.9999999999436,0.06728571428571295,4.7619047619047614e-5,7000.0,0.10908738434265727,0.007310516782111657,0.00023749068587849333
2827.9999999999436,0.067333333333332,4.7619047619047614e-5,7000.0,0.10909398541351424,0.00730844993862985,0.0002375722237403875
2829.9999999999436,0.06738095238095104,4.7619047619047614e-5,7000.0,0.10909929908541449,0.00730619216666884,0.00023765721378803475
2831.9999999999436,0.06742857142857009,4.7619047619047614e-5,7000.0,0.10910450638310802,0.007303745655617001,0.0002377481681761272
2833.9999999999436,0.06747619047618914,4.7619047619047614e-5,7000.0,0.10910842696370972,0.007301164378992892,0.00023784076871654757
2835.9999999999436,0.06752380952380818,4.7619047619047614e-5,7000.0,0.1091058939440072,0.00729860723334312,0.00023791857523609925
2837.999999999943,0.06757142857142723,4.7619047619047614e-5,7000.0,0.10909816216908277,0.007296117087991348,0.00023798291038981922
2839.999999999943,0.06761904761904627,4.7619047619047614e-5,7000.0,0.10908640407034796,0.007293699735668791,0.0002380361279065427
2841.9999999999436,0.06766666666666532,4.7619047619047614e-5,7000.0,0.10906969020923508,0.00729137230174631,0.00023807562719220805
2843.999999999943,0.06771428571428437,4.7619047619047614e-5,7000.0,0.1090481168692624,0.007289128980671823,0.00023810179351506258
2845.999999999943,0.06776190476190341,4.7619047619047614e-5,7000.0,0.10902313269645363,0.007286938786965226,0.00023811879017074326
2847.999999999943,0.06780952380952246,4.7619047619047614e-5,7000.0,0.10899550693656988,0.007284805603975658,0.00023812816218863692
2849.999999999943,0.0678571428571415,4.7619047619047614e-5,7000.0,0.10896252487714697,0.00728269981205161,0.0002381249384640799
2851.999999999943,0.06790476190476055,4.7619047619047614e-5,7000.0,0.10892756428400957,0.007280614658580217,0.00023811671277409782
2853.999999999943,0.0679523809523796,4.7619047619047614e-5,7000.0,0.1088923559101188,0.007278523030513207,0.00023810815237326226
2855.999999999943,0.06799999999999864,4.7619047619047614e-5,7000.0,0.10885830538877952,0.007276347737400489,0.00023810485733356297
2857.9999999999427,0.06804761904761769,4.7619047619047614e-5,7000.0,0.10882655492264946,0.007274064118070786,0.0002381101386303831
2859.9999999999427,0.06809523809523674,4.7619047619047614e-5,7000.0,0.1087979208786111,0.007271653972171012,0.0002381263873696417
2861.999999999943,0.06814285714285578,4.7619047619047614e-5,7000.0,0.10877256035029742,0.007269128774497604,0.00023815358331862556
2863.9999999999427,0.06819047619047483,4.7619047619047614e-5,7000.0,0.10874856597483465,0.007266453845749457,0.00023818869831774062
2865.9999999999427,0.06823809523809388,4.7619047619047614e-5,7000.0,0.1087213386248542,0.00726370827356369,0.00023821907227042263
2867.9999999999427,0.06828571428571292,4.7619047619047614e-5,7000.0,0.10868089495667932,0.007260956984353326,0.0002382206875661179
2869.9999999999427,0.06833333333333197,4.7619047619047614e-5,7000.0,0.10863272533476649,0.00725830863122817,0.0002382019847459522
2871.9999999999427,0.06838095238095102,4.7619047619047614e-5,7000.0,0.10857878056416123,0.007255791357511934,0.00023816629765388138
2873.9999999999427,0.06842857142857006,4.7619047619047614e-5,7000.0,0.1085192049858814,0.007253530582482666,0.0002381098100780904
2875.9999999999422,0.06847619047618911,4.7619047619047614e-5,7000.0,0.10845555050402358,0.007251502154910535,0.00023803670742591148
2877.9999999999422,0.06852380952380815,4.7619047619047614e-5,7000.0,0.10838997269933999,0.007249811785868176,0.00023794824536441033
2879.9999999999422,0.0685714285714272,4.7619047619047614e-5,7000.0,0.10832439009910076,0.007248432291408466,0.0002378495300579903
2881.9999999999427,0.06861904761904625,4.7619047619047614e-5,7000.0,0.10824841101641822,0.007247378591810692,0.00023771725841083472
2883.9999999999422,0.0686666666666653,4.7619047619047614e-5,7000.0,0.10817769114659781,0.0072466239744483395,0.00023758669332032064
2885.9999999999422,0.06871428571428434,4.7619047619047614e-5,7000.0,0.10812112954057425,0.007245945222265551,0.00023748471305281554
2887.9999999999422,0.06876190476190339,4.7619047619047614e-5,7000.0,0.10807910879815999,0.007245130557962389,0.00023741910891156664
2889.9999999999422,0.06880952380952243,4.7619047619047614e-5,7000.0,0.10804867913161698,0.0072440701487963355,0.00023738700792681175
2891.9999999999422,0.06885714285714148,4.7619047619047614e-5,7000.0,0.10802781699337183,0.007242670861990668,0.0002373870274314273
2893.9999999999422,0.06890476190476053,4.7619047619047614e-5,7000.0,0.1080123714353519,0.007240940644528913,0.00023740980175003908
2895.999999999942,0.06895238095237957,4.7619047619047614e-5,7000.0,0.1079964933938198,0.007238817931295056,0.00023744450990968082
2897.999999999942,0.06899999999999862,4.7619047619047614e-5,7000.0,0.10797804134198298,0.007236404255592913,0.0002374831258449305
2899.999999999942,0.06904761904761766,4.7619047619047614e-5,7000.0,0.10795636338637922,0.007233654794857575,0.0002375256956328873
2901.999999999942,0.06909523809523671,4.7619047619047614e-5,7000.0,0.10793110198461758,0.007230747624071245,0.0002375655919316333
2903.999999999942,0.06914285714285576,4.7619047619047614e-5,7000.0,0.10790108200775762,0.007227668462904959,0.00023760069591786996
2905.999999999942,0.0691904761904748,4.7619047619047614e-5,7000.0,0.10786719340942968,0.007224540471978263,0.00023762891349488592
2907.9999999999413,0.06923809523809385,4.7619047619047614e-5,7000.0,0.10782961166303744,0.007221369771694748,0.00023765042160172226
2909.999999999942,0.0692857142857129,4.7619047619047614e-5,7000.0,0.10778896334166477,0.0072182445837564516,0.00023766368855361407
2911.999999999942,0.06933333333333194,4.7619047619047614e-5,7000.0,0.10774604942216537,0.007215211155281533,0.00023766894682782373
2913.9999999999413,0.06938095238095099,4.7619047619047614e-5,7000.0,0.10768429130552096,0.007212353480385218,0.00023762683430909558
2915.9999999999413,0.06942857142857004,4.7619047619047614e-5,7000.0,0.10761535348852709,0.007209995908958927,0.0002375523603140827
2917.9999999999413,0.06947619047618908,4.7619047619047614e-5,7000.0,0.10754057522457129,0.007208289112125981,0.0002374435023859404
2919.9999999999413,0.06952380952380813,4.7619047619047614e-5,7000.0,0.10746601955254266,0.0072072002534131615,0.00023731473560898358
2921.9999999999413,0.06957142857142717,4.7619047619047614e-5,7000.0,0.10739560075414085,0.007206763015569361,0.0002371736199652852
2923.9999999999413,0.06961904761904622,4.7619047619047614e-5,7000.0,0.10733188987026873,0.007206969966290174,0.00023702611366703742
2925.9999999999413,0.06966666666666527,4.7619047619047614e-5,7000.0,0.10727640979978878,0.007207857087047657,0.0002368744370288503
2927.999999999941,0.06971428571428431,4.7619047619047614e-5,7000.0,0.10722959590933395,0.007209345126469729,0.00023672219786034738
2929.9999999999413,0.06976190476190336,4.7619047619047614e-5,7000.0,0.1071915754151754,0.00721139622396992,0.00023657095734702503
2931.9999999999413,0.0698095238095224,4.7619047619047614e-5,7000.0,0.1071623468593803,0.007213898824965408,0.0002364244028066252
2933.999999999941,0.06985714285714145,4.7619047619047614e-5,7000.0,0.10714205419016556,0.00721673166324198,0.000236286844697842
2935.999999999941,0.0699047619047605,4.7619047619047614e-5,7000.0,0.10712739650985795,0.007219829953103764,0.00023615313388066316
2937.999999999941,0.06995238095237954,4.7619047619047614e-5,7000.0,0.10712339894644213,0.007223118071387407,0.00023603682363531692
2939.999999999941,0.06999999999999859,4.7619047619047614e-5,7000.0,0.10712670343673547,0.007226516737504099,0.0002359330920886325
2941.999999999941,0.07004761904761764,4.7619047619047614e-5,7000.0,0.10713681670645014,0.007229983943593477,0.00023584221070188101
2943.999999999941,0.07009523809523668,4.7619047619047614e-5,7000.0,0.1071534374260074,0.007233459085540981,0.0002357654758803648
2945.999999999941,0.07014285714285573,4.7619047619047614e-5,7000.0,0.10717665171797103,0.00723690573649562,0.00023570424330569684
2947.9999999999404,0.07019047619047478,4.7619047619047614e-5,7000.0,0.10720545889845583,0.0072403478168368285,0.00023565551188642277
2949.999999999941,0.07023809523809382,4.7619047619047614e-5,7000.0,0.10723847085211434,0.007243759948958782,0.0002356170392999208
2951.999999999941,0.07028571428571287,4.7619047619047614e-5,7000.0,0.10727589924608542,0.007247152441683236,0.0002355889403049056
2953.9999999999404,0.07033333333333192,4.7619047619047614e-5,7000.0,0.10731776325172383,0.007250509865524546,0.00023557174350306086
2955.9999999999404,0.07038095238095096,4.7619047619047614e-5,7000.0,0.10736334008225931,0.007253872827690515,0.00023556252896686183
2957.9999999999404,0.07042857142857001,4.7619047619047614e-5,7000.0,0.10741245449343269,0.007257243714179547,0.0002355608238546767
2959.9999999999404,0.07047619047618905,4.7619047619047614e-5,7000.0,0.10746561665134408,0.007260590132179389,0.0002355687869871006
2961.9999999999404,0.0705238095238081,4.7619047619047614e-5,7000.0,0.107524096180739,0.007263905692419079,0.00023558939409845097
2963.9999999999404,0.07057142857142715,4.7619047619047614e-5,7000.0,0.10758585539187715,0.007267176107291204,0.00023561862874366918
2965.99999999994,0.0706190476190462,4.7619047619047614e-5,7000.0,0.10765217573562201,0.0072703354688511785,0.00023566142135156477
2967.99999999994,0.07066666666666524,4.7619047619047614e-5,7000.0,0.10772185926242969,0.007273404410538258,0.0002357144661972179
2969.9999999999404,0.07071428571428429,4.7619047619047614e-5,7000.0,0.10779389840770046,0.007276339281309855,0.00023577696288569404
2971.99999999994,0.07076190476190333,4.7619047619047614e-5,7000.0,0.10786952419829492,0.007279132587527015,0.00023585183782127037
2973.99999999994,0.07080952380952238,4.7619047619047614e-5,7000.0,0.1079498102238668,0.007281632284084947,0.00023594635423312174
2975.99999999994,0.07085714285714143,4.7619047619047614e-5,7000.0,0.1080324780550622,0.007283815862536736,0.00023605625432356457
2977.9999999999395,0.07090476190476047,4.7619047619047614e-5,7000.0,0.10811812983105742,0.007285547368262463,0.00023618726130893218
2979.99999999994,0.07095238095237952,4.7619047619047614e-5,7000.0,0.10820591120815284,0.007286781133171163,0.00023633899970103197
2981.99999999994,0.07099999999999856,4.7619047619047614e-5,7000.0,0.10829442977895347,0.007287476745146301,0.00023650976066740893
2983.99999999994,0.07104761904761761,4.7619047619047614e-5,7000.0,0.10837649174889037,0.007287714967696332,0.00023668124306796626
2985.9999999999395,0.07109523809523666,4.7619047619047614e-5,7000.0,0.10845163209049904,0.007287600813802903,0.00023684905052557902
2987.9999999999395,0.0711428571428557,4.7619047619047614e-5,7000.0,0.10852077085114725,0.0072871226724869785,0.0002370155942936587
2989.99999999994,0.07119047619047475,4.7619047619047614e-5,7000.0,0.10858239477807005,0.007286346338625432,0.0002371754519830523
2991.9999999999395,0.0712380952380938,4.7619047619047614e-5,7000.0,0.10863740599388505,0.007285345068093955,0.00023732822545811808
2993.9999999999395,0.07128571428571284,4.7619047619047614e-5,7000.0,0.10868383071661947,0.0072841953855823415,0.00023746711856397973
2995.9999999999395,0.07133333333333189,4.7619047619047614e-5,7000.0,0.10872463981343373,0.007282936207413911,0.00023759735592052294
2997.999999999939,0.07138095238095093,4.7619047619047614e-5,7000.0,0.1087587094600432,0.007281659442041318,0.00023771348210715917
2999.9999999999395,0.07142857142856998,4.7619047619047614e-5,7000.0,0.10878861289507487,0.007280393250064545,0.00023782019596549093
3001.9999999999395,0.07147619047618903,4.7619047619047614e-5,7000.0,0.10881447980928512,0.0072791301098076,0.00023791802152687067
3003.999999999939,0.07152380952380807,4.7619047619047614e-5,7000.0,0.10883761618475729,0.007277859636109359,0.00023801014963518473
3005.999999999939,0.07157142857142712,4.7619047619047614e-5,7000.0,0.10885984501164322,0.007276591594619715,0.0002381002453213273
3007.999999999939,0.07161904761904617,4.7619047619047614e-5,7000.0,0.1088822380199807,0.0072752962350190785,0.00023819162596260647
3009.9999999999395,0.07166666666666521,4.7619047619047614e-5,7000.0,0.10890466719695581,0.007273923690478573,0.0002382856467529553
3011.999999999939,0.07171428571428426,4.7619047619047614e-5,7000.0,0.1089189739189355,0.007272416493456398,0.00023836634097199408
3013.999999999939,0.0717619047619033,4.7619047619047614e-5,7000.0,0.10892307163663224,0.0072708661158214435,0.00023842613784347077
3015.999999999939,0.07180952380952235,4.7619047619047614e-5,7000.0,0.10894244237987692,0.007268935066904787,0.00023853189026552235
3017.9999999999386,0.0718571428571414,4.7619047619047614e-5,7000.0,0.10896456824986553,0.007266715977910893,0.00023865319233002438
3019.999999999939,0.07190476190476044,4.7619047619047614e-5,7000.0,0.10898444603353388,0.007264396583347978,0.00023877294015210222
3021.999999999939,0.07195238095237949,4.7619047619047614e-5,7000.0,0.10899223550498593,0.00726229329518787,0.0002388591638229305
3023.9999999999386,0.07199999999999854,4.7619047619047614e-5,7000.0,0.10899225695814545,0.007260247624662153,0.00023892651257109262
3025.9999999999386,0.07204761904761758,4.7619047619047614e-5,7000.0,0.10898224175553235,0.007258225789124206,0.0002389711065563562
3027.9999999999386,0.07209523809523663,4.7619047619047614e-5,7000.0,0.1089616871276249,0.007256184027925415,0.00023899326487936617
3029.9999999999386,0.07214285714285568,4.7619047619047614e-5,7000.0,0.10893827031682596,0.007254270975516601,0.00023900491546732227
3031.9999999999386,0.07219047619047472,4.7619047619047614e-5,7000.0,0.1089082324446003,0.007252499274528249,0.0002389973839478494
3033.9999999999386,0.07223809523809377,4.7619047619047614e-5,7000.0,0.10887611422037183,0.0072507920367013805,0.00023898315763436407
3035.9999999999377,0.07228571428571282,4.7619047619047614e-5,7000.0,0.10884574984490496,0.0072491387135996165,0.0002389709978905685
3037.9999999999377,0.07233333333333186,4.7619047619047614e-5,7000.0,0.10881691784449732,0.007247414449696547,0.00023896453676250801
3039.9999999999386,0.07238095238095091,4.7619047619047614e-5,7000.0,0.10879026858791949,0.007245549230890303,0.0002389675158405459
3041.9999999999377,0.07242857142856995,4.7619047619047614e-5,7000.0,0.10876472209814983,0.0072434359108494144,0.00023898110467173182
3043.9999999999377,0.072476190476189,4.7619047619047614e-5,7000.0,0.10873786737789227,0.0072410082651904,0.0002390022005313572
3045.9999999999377,0.07252380952380805,4.7619047619047614e-5,7000.0,0.10870874177183079,0.007238313560694253,0.0002390271361583267
3047.9999999999377,0.0725714285714271,4.7619047619047614e-5,7000.0,0.10867590164751906,0.0072353133599045915,0.000239054013030327
3049.9999999999377,0.07261904761904614,4.7619047619047614e-5,7000.0,0.10863770176459711,0.00723207977661826,0.00023907683233637816
3051.9999999999377,0.07266666666666519,4.7619047619047614e-5,7000.0,0.10859189424339236,0.0072287250046417575,0.00023908693078586327
3053.9999999999377,0.07271428571428423,4.7619047619047614e-5,7000.0,0.10853812515669171,0.0072254441667101935,0.00023907705511313164
3055.9999999999372,0.07276190476190328,4.7619047619047614e-5,7000.0,0.10847521510416447,0.007222274752392206,0.0002390433385418631
3057.9999999999372,0.07280952380952233,4.7619047619047614e-5,7000.0,0.10840856086557861,0.007219276389642138,0.00023899567496806574
3059.9999999999377,0.07285714285714137,4.7619047619047614e-5,7000.0,0.10834143105193694,0.007216534378905562,0.00023893843482500755
3061.9999999999372,0.07290476190476042,4.7619047619047614e-5,7000.0,0.10827173468663223,0.007214135076828525,0.00023886414087060957
3063.9999999999372,0.07295238095237946,4.7619047619047614e-5,7000.0,0.10820352970107652,0.007212076276486457,0.00023878181471905817
3065.9999999999372,0.07299999999999851,4.7619047619047614e-5,7000.0,0.10813822200299983,0.007210304919188858,0.00023869632091623596
3067.9999999999372,0.07304761904761756,4.7619047619047614e-5,7000.0,0.10807967274281695,0.007208772319336564,0.0002386178034591718
3069.9999999999372,0.0730952380952366,4.7619047619047614e-5,7000.0,0.10802899849230645,0.007207379774278865,0.0002385520070508254
3071.9999999999372,0.07314285714285565,4.7619047619047614e-5,7000.0,0.10798642680703834,0.007206065540400088,0.00023850148901389387
3073.9999999999372,0.0731904761904747,4.7619047619047614e-5,7000.0,0.1079517644366543,0.007204796595020758,0.0002384669254571219
3075.999999999937,0.07323809523809374,4.7619047619047614e-5,7000.0,0.10792387379786131,0.007203563502063518,0.00023844612444431332
3077.999999999937,0.07328571428571279,4.7619047619047614e-5,7000.0,0.10790236509291716,0.007202391718528452,0.00023843738923093268
3079.9999999999372,0.07333333333333183,4.7619047619047614e-5,7000.0,0.10788654847578202,0.007201274199803104,0.000238439434558867
3081.999999999937,0.07338095238095088,4.7619047619047614e-5,7000.0,0.10787816258114077,0.007200241679129208,0.0002384550906982353
3083.999999999937,0.07342857142856993,4.7619047619047614e-5,7000.0,0.10785343069727957,0.0071992506582343576,0.00023843324034367056
3085.999999999937,0.07347619047618897,4.7619047619047614e-5,7000.0,0.10782857625127354,0.007198432350040974,0.00023840539276379885
3087.999999999937,0.07352380952380802,4.7619047619047614e-5,7000.0,0.10779690715535556,0.007197827915571515,0.00023835538755625702
3089.999999999937,0.07357142857142707,4.7619047619047614e-5,7000.0,0.10776582025755208,0.007197205224328583,0.00023830726588656024
3091.999999999937,0.07361904761904611,4.7619047619047614e-5,7000.0,0.10773211772556508,0.007196438203301689,0.0002382581296663555
3093.9999999999363,0.07366666666666516,4.7619047619047614e-5,7000.0,0.10769462749151916,0.00719554396330154,0.00023820481671897362
3095.9999999999363,0.0737142857142842,4.7619047619047614e-5,7000.0,0.10765128876609338,0.007194554211241217,0.00023814171433397162
3097.9999999999363,0.07376190476190325,4.7619047619047614e-5,7000.0,0.10760288720410865,0.007193673906349113,0.00023806377120289828
3099.9999999999363,0.0738095238095223,4.7619047619047614e-5,7000.0,0.10754910253419875,0.00719308803411312,0.00023796415687167766
3101.9999999999363,0.07385714285714134,4.7619047619047614e-5,7000.0,0.10749459202247058,0.007193061105077943,0.00023784443682739202
3103.9999999999363,0.07390476190476039,4.7619047619047614e-5,7000.0,0.10744194271607761,0.007193684646995849,0.00023770733800238382
3105.999999999936,0.07395238095237944,4.7619047619047614e-5,7000.0,0.10739394476598142,0.007195000021809216,0.00023755770835072205
3107.9999999999363,0.07399999999999848,4.7619047619047614e-5,7000.0,0.10735338795082865,0.007197051040507172,0.00023740032207458502
3109.9999999999363,0.07404761904761753,4.7619047619047614e-5,7000.0,0.10732188731204816,0.007199898044020888,0.00023723681589975408
3111.9999999999363,0.07409523809523658,4.7619047619047614e-5,7000.0,0.10729973771161573,0.0072034038407148985,0.00023707241780259085
3113.999999999936,0.07414285714285562,4.7619047619047614e-5,7000.0,0.10728861501860318,0.007207412047910886,0.0002369160151270039
3115.999999999936,0.07419047619047467,4.7619047619047614e-5,7000.0,0.1072766374927783,0.007211870474792472,0.00023674311948516136
3117.999999999936,0.07423809523809372,4.7619047619047614e-5,7000.0,0.107269577087723,0.007216814118418995,0.00023656537575653046
3119.999999999936,0.07428571428571276,4.7619047619047614e-5,7000.0,0.10727020660532297,0.007222032166280341,0.00023639584032092661
3121.999999999936,0.07433333333333181,4.7619047619047614e-5,7000.0,0.10728031568767375,0.007227357550289372,0.0002362439165261536
3123.999999999936,0.07438095238095085,4.7619047619047614e-5,7000.0,0.1073000345348422,0.007232699623249608,0.00023611281789244934
3125.9999999999354,0.0744285714285699,4.7619047619047614e-5,7000.0,0.10731830386170957,0.00723805178271229,0.00023597839662634605
3127.999999999936,0.07447619047618895,4.7619047619047614e-5,7000.0,0.10734619866307099,0.007243430542369219,0.00023586445730953623
3129.999999999936,0.074523809523808,4.7619047619047614e-5,7000.0,0.10738581312741821,0.007248718945517302,0.00023577935778211446
3131.9999999999354,0.07457142857142704,4.7619047619047614e-5,7000.0,0.10743583347267295,0.0072538605140330436,0.0002357219845804126
3133.9999999999354,0.07461904761904609,4.7619047619047614e-5,7000.0,0.10749486340091668,0.007258871042247707,0.00023568870100695947
3135.9999999999354,0.07466666666666513,4.7619047619047614e-5,7000.0,0.10756118148298643,0.007263786491262269,0.0002356745168434444
3137.9999999999354,0.07471428571428418,4.7619047619047614e-5,7000.0,0.10763295232518003,0.00726864597351015,0.00023567410580397545
3139.9999999999354,0.07476190476190323,4.7619047619047614e-5,7000.0,0.1077095586615386,0.0072734511404044236,0.0002356860360826892
3141.9999999999354,0.07480952380952227,4.7619047619047614e-5,7000.0,0.10778879054160027,0.007278199012534927,0.0002357055474169791
3143.9999999999354,0.07485714285714132,4.7619047619047614e-5,7000.0,0.1078681393624387,0.0072829768366032225,0.00023572431942080156
3145.999999999935,0.07490476190476036,4.7619047619047614e-5,7000.0,0.10795083361893155,0.007287710490276299,0.00023575180167032588
3147.9999999999354,0.07495238095237941,4.7619047619047614e-5,7000.0,0.10803638244675468,0.007292405089157864,0.00023578674099895798
3149.9999999999354,0.07499999999999846,4.7619047619047614e-5,7000.0,0.10812263526205514,0.0072970696724941305,0.00023582414084579215
3151.999999999935,0.0750476190476175,4.7619047619047614e-5,7000.0,0.10820461162775352,0.00730155800366673,0.00023585786481799468
3153.999999999935,0.07509523809523655,4.7619047619047614e-5,7000.0,0.1082886909653579,0.007305866947898268,0.00023590192062073349
3155.999999999935,0.0751428571428556,4.7619047619047614e-5,7000.0,0.1083761638628474,0.007309918225998766,0.00023596162992305838
3157.999999999935,0.07519047619047464,4.7619047619047614e-5,7000.0,0.1084680053373742,0.007313508730383299,0.00023604564994969838
3159.999999999935,0.07523809523809369,4.7619047619047614e-5,7000.0,0.10856333459990147,0.007316550072911559,0.00023615489770355554
3161.999999999935,0.07528571428571273,4.7619047619047614e-5,7000.0,0.10864633764092657,0.007318985516829054,0.00023625680969889515
3163.9999999999345,0.07533333333333178,4.7619047619047614e-5,7000.0,0.10872888986385801,0.0073208935097980885,0.00023637470283602782
3165.9999999999345,0.07538095238095083,4.7619047619047614e-5,7000.0,0.10881650262099601,0.007322168653522203,0.00023652397399741466
3167.999999999935,0.07542857142856987,4.7619047619047614e-5,7000.0,0.10890700323784322,0.007322796833178301,0.00023670037961581343
3169.9999999999345,0.07547619047618892,4.7619047619047614e-5,7000.0,0.10897553328633591,0.007323242134119237,0.00023683492203254445
3171.9999999999345,0.07552380952380797,4.7619047619047614e-5,7000.0,0.10903576026123458,0.007323687075089477,0.00023695141588427738
3173.9999999999345,0.07557142857142701,4.7619047619047614e-5,7000.0,0.10909296282753218,0.0073240079441456735,0.000237065339400959
3175.9999999999345,0.07561904761904606,4.7619047619047614e-5,7000.0,0.109139408469513,0.007324208076497536,0.00023715978796106103
3177.9999999999345,0.0756666666666651,4.7619047619047614e-5,7000.0,0.10916383119802071,0.007324643589956847,0.00023719875415967667
3179.9999999999345,0.07571428571428415,4.7619047619047614e-5,7000.0,0.1091794446049404,0.007325281709853692,0.0002372120142428091
3181.9999999999345,0.0757619047619032,4.7619047619047614e-5,7000.0,0.10919047759580168,0.0073260117416037605,0.0002372123450095969
3183.999999999934,0.07580952380952224,4.7619047619047614e-5,7000.0,0.10920241650087627,0.007326684381298849,0.00023721650175155125
3185.999999999934,0.07585714285714129,4.7619047619047614e-5,7000.0,0.10921315117028789,0.007327323011507473,0.00023721914309080965
3187.9999999999345,0.07590476190476034,4.7619047619047614e-5,7000.0,0.10922496579440692,0.007327855671855046,0.00023722756006222442
3189.999999999934,0.07595238095237938,4.7619047619047614e-5,7000.0,0.10923806099489652,0.007328279991715783,0.00023724226422523992
3191.999999999934,0.07599999999999843,4.7619047619047614e-5,7000.0,0.10924331716135817,0.007328559575789156,0.0002372446283090167
3193.999999999934,0.07604761904761748,4.7619047619047614e-5,7000.0,0.10925200926159755,0.007328683061729593,0.00023725950720266455
3195.9999999999336,0.07609523809523652,4.7619047619047614e-5,7000.0,0.10927049640980084,0.00732848028779033,0.00023730622113699772
3197.999999999934,0.07614285714285557,4.7619047619047614e-5,7000.0,0.10930042556419534,0.007327801541468151,0.00023739320602703118
3199.999999999934,0.07619047619047462,4.7619047619047614e-5,7000.0,0.10933526420470491,0.007326854936849613,0.0002374995533884462
3201.999999999934,0.07623809523809366,4.7619047619047614e-5,7000.0,0.10936459798106878,0.007325767366694102,0.0002375985408310854
3203.9999999999336,0.07628571428571271,4.7619047619047614e-5,7000.0,0.10938249921204636,0.0073245634589594105,0.0002376764913688899
3205.9999999999336,0.07633333333333175,4.7619047619047614e-5,7000.0,0.10939175604444205,0.007323020819761853,0.000237746677723386
3207.999999999934,0.0763809523809508,4.7619047619047614e-5,7000.0,0.10939558311806968,0.007321193186651038,0.0002378143474947067
3209.9999999999336,0.07642857142856985,4.7619047619047614e-5,7000.0,0.10939436151942852,0.007319034374006739,0.0002378818364896894
3211.9999999999336,0.0764761904761889,4.7619047619047614e-5,7000.0,0.10938770847295287,0.007316544459756011,0.00023794831853651062
3213.9999999999336,0.07652380952380794,4.7619047619047614e-5,7000.0,0.10937651769243159,0.00731369247089572,0.00023801675443972653
3215.999999999933,0.07657142857142699,4.7619047619047614e-5,7000.0,0.10935953932109467,0.007310542607001698,0.00023808234481165474
3217.9999999999336,0.07661904761904603,4.7619047619047614e-5,7000.0,0.10933783649433094,0.007307100111129936,0.00023814723871841534
3219.9999999999336,0.07666666666666508,4.7619047619047614e-5,7000.0,0.10930953469243698,0.0073034601376801,0.0002382042544960404
3221.999999999933,0.07671428571428413,4.7619047619047614e-5,7000.0,0.10927635424501059,0.007299677043501076,0.00023825536167574002
3223.999999999933,0.07676190476190317,4.7619047619047614e-5,7000.0,0.10923707855771858,0.007295766356642367,0.00023829739291952537
3225.999999999933,0.07680952380952222,4.7619047619047614e-5,7000.0,0.10919276504574588,0.007291759160254335,0.00023833162786874356
3227.999999999933,0.07685714285714126,4.7619047619047614e-5,7000.0,0.10914296198516726,0.007287687246102965,0.00023835602869647036
3229.999999999933,0.07690476190476031,4.7619047619047614e-5,7000.0,0.10908839393485563,0.00728359811715626,0.0002383706081722539
3231.999999999933,0.07695238095237936,4.7619047619047614e-5,7000.0,0.10902999252822668,0.007279478484432691,0.0002383778218899706
3233.9999999999327,0.0769999999999984,4.7619047619047614e-5,7000.0,0.1089686619384661,0.00727533750871479,0.00023837933523829374
3235.9999999999327,0.07704761904761745,4.7619047619047614e-5,7000.0,0.10890432994140345,0.007271166119194481,0.00023837527777738655
3237.999999999933,0.0770952380952365,4.7619047619047614e-5,7000.0,0.10883711949362426,0.007266971641239189,0.00023836566887083357
3239.999999999933,0.07714285714285554,4.7619047619047614e-5,7000.0,0.10876901758793228,0.007262820812755075,0.0002383526628382001
3241.9999999999327,0.07719047619047459,4.7619047619047614e-5,7000.0,0.1087000946445704,0.007258764530330547,0.00023833473733652618
3243.9999999999327,0.07723809523809363,4.7619047619047614e-5,7000.0,0.10863133216047256,0.007254881818660492,0.00023831144214543518
3245.9999999999327,0.07728571428571268,4.7619047619047614e-5,7000.0,0.1085637353708454,0.007251244709629925,0.00023828260963037218
3247.9999999999327,0.07733333333333173,4.7619047619047614e-5,7000.0,0.10850094355729337,0.007247979478052439,0.0002382520749343799
3249.9999999999327,0.07738095238095077,4.7619047619047614e-5,7000.0,0.10843873410455064,0.00724509919432542,0.0002382101347747503
3251.9999999999327,0.07742857142856982,4.7619047619047614e-5,7000.0,0.10836044137624087,0.007242658384572074,0.00023811836710930625
3253.9999999999322,0.07747619047618887,4.7619047619047614e-5,7000.0,0.1082856971850322,0.007240764255184846,0.00023801636630842152
3255.9999999999322,0.07752380952380791,4.7619047619047614e-5,7000.0,0.10820901016658387,0.007239600120756338,0.00023788605127120967
3257.9999999999327,0.07757142857142696,4.7619047619047614e-5,7000.0,0.1081380077168879,0.007239027498364001,0.0002377487648464079
3259.9999999999322,0.077619047619046,4.7619047619047614e-5,7000.0,0.10806462522202417,0.007238752153964118,0.00023759646568420845
3261.9999999999322,0.07766666666666505,4.7619047619047614e-5,7000.0,0.10799754902174948,0.007238580619815059,0.0002374546153643567
3263.9999999999322,0.0777142857142841,4.7619047619047614e-5,7000.0,0.10794687993576166,0.0072382598371235635,0.0002373537275493986
3265.9999999999322,0.07776190476190314,4.7619047619047614e-5,7000.0,0.1079093561492479,0.007237561886618181,0.00023729410132949447
3267.9999999999322,0.07780952380952219,4.7619047619047614e-5,7000.0,0.10787948195399902,0.007236338506576682,0.00023726851356618364
3269.9999999999322,0.07785714285714124,4.7619047619047614e-5,7000.0,0.10785509139779512,0.007234639092772647,0.00023727059102002246
3271.9999999999322,0.07790476190476028,4.7619047619047614e-5,7000.0,0.10783505962484555,0.007232436911147578,0.00023729875543677915
3273.999999999932,0.07795238095237933,4.7619047619047614e-5,7000.0,0.10781619584936426,0.007229791351383096,0.0002373440626541389
3275.999999999932,0.07799999999999838,4.7619047619047614e-5,7000.0,0.10779377165830081,0.007226811711438581,0.00023739253600288618
3277.9999999999322,0.07804761904761742,4.7619047619047614e-5,7000.0,0.10775640516422975,0.0072237609336763785,0.0002374104665029674
3279.999999999932,0.07809523809523647,4.7619047619047614e-5,7000.0,0.10771622154425671,0.007220826722218561,0.00023741837007664544
3281.999999999932,0.07814285714285552,4.7619047619047614e-5,7000.0,0.10767151249156352,0.007218215033249597,0.0002374056932950412
3283.999999999932,0.07819047619047456,4.7619047619047614e-5,7000.0,0.10762410742725007,0.007216095728230402,0.0002373708628322275
3285.999999999932,0.07823809523809361,4.7619047619047614e-5,7000.0,0.10757604278852453,0.007214647499605415,0.0002373124808799782
3287.999999999932,0.07828571428571265,4.7619047619047614e-5,7000.0,0.10752659224085001,0.007214090610850357,0.00023722170391398355
3289.999999999932,0.0783333333333317,4.7619047619047614e-5,7000.0,0.10748108854720131,0.007214316759214375,0.00023711388205038583
3291.9999999999313,0.07838095238095075,4.7619047619047614e-5,7000.0,0.1074402580054154,0.007215289162789994,0.00023699186218086905
3293.9999999999313,0.0784285714285698,4.7619047619047614e-5,7000.0,0.10740645489975152,0.007216823479230371,0.00023686692997921537
3295.9999999999313,0.07847619047618884,4.7619047619047614e-5,7000.0,0.1073767324781777,0.007218717588620361,0.00023673924817197602
3297.9999999999313,0.07852380952380789,4.7619047619047614e-5,7000.0,0.10734828517683997,0.007220812839263616,0.00023660785286431634
3299.9999999999313,0.07857142857142693,4.7619047619047614e-5,7000.0,0.10732131484100238,0.007223055168410734,0.00023647497295559676
3301.9999999999313,0.07861904761904598,4.7619047619047614e-5,7000.0,0.10729454518983605,0.007225298557143824,0.00023634258292171546
3303.9999999999313,0.07866666666666502,4.7619047619047614e-5,7000.0,0.10727008615702298,0.007227483012062699,0.00023621728932865735
3305.9999999999313,0.07871428571428407,4.7619047619047614e-5,7000.0,0.10724964378124155,0.00722963074218196,0.00023610211311398034
3307.9999999999313,0.07876190476190312,4.7619047619047614e-5,7000.0,0.10723429303164472,0.00723171683871322,0.00023600022215454787
3309.9999999999313,0.07880952380952216,4.7619047619047614e-5,7000.0,0.10722635056858514,0.007233812065689965,0.00023591439157836432
3311.9999999999304,0.07885714285714121,4.7619047619047614e-5,7000.0,0.10722714306234678,0.007235902031953757,0.00023584799485443594
3313.9999999999304,0.07890476190476026,4.7619047619047614e-5,7000.0,0.10723726402717496,0.007238011002527747,0.00023580152955853645
3315.9999999999304,0.0789523809523793,4.7619047619047614e-5,7000.0,0.10725785795303185,0.007240133061952769,0.00023577768713092115
3317.9999999999304,0.07899999999999835,4.7619047619047614e-5,7000.0,0.10728711159705284,0.007242317377455426,0.00023577086242970111
3319.9999999999304,0.0790476190476174,4.7619047619047614e-5,7000.0,0.10731075117328231,0.007244504766785041,0.0002357516082318986
3321.9999999999304,0.07909523809523644,4.7619047619047614e-5,7000.0,0.10733894029488489,0.0072468970137050115,0.00023573569352329903
3323.99999999993,0.07914285714285549,4.7619047619047614e-5,7000.0,0.10736568737208936,0.007249600582280406,0.0002357065009276972
3325.9999999999304,0.07919047619047453,4.7619047619047614e-5,7000.0,0.10739513888975306,0.0072525436859545425,0.00023567548102394124
3327.9999999999304,0.07923809523809358,4.7619047619047614e-5,7000.0,0.10742777527793597,0.007255643871825193,0.00023564637078236063
3329.9999999999304,0.07928571428571263,4.7619047619047614e-5,7000.0,0.10746463448568425,0.007258951473982853,0.00023561981158383498
3331.99999999993,0.07933333333333167,4.7619047619047614e-5,7000.0,0.10750649003076583,0.0072623645924356495,0.0002356008030866093
3333.99999999993,0.07938095238095072,4.7619047619047614e-5,7000.0,0.10755477746021332,0.007265988849898423,0.00023558905524856435
3335.99999999993,0.07942857142856977,4.7619047619047614e-5,7000.0,0.10761052349838549,0.007269715688519495,0.00023559032398641898
3337.99999999993,0.07947619047618881,4.7619047619047614e-5,7000.0,0.10767594256651278,0.007273526188035624,0.00023561004756852052
3339.99999999993,0.07952380952380786,4.7619047619047614e-5,7000.0,0.10773964775061695,0.007277266722406432,0.00023562826759797607
3341.99999999993,0.0795714285714269,4.7619047619047614e-5,7000.0,0.10780832873582034,0.0072810413262162635,0.00023565624278221815
3343.9999999999295,0.07961904761904595,4.7619047619047614e-5,7000.0,0.107885696610821,0.007284561498999064,0.00023571140015612503
3345.99999999993,0.079666666666665,4.7619047619047614e-5,7000.0,0.1079715575994228,0.007287601404178327,0.0002358005899640301
3347.99999999993,0.07971428571428404,4.7619047619047614e-5,7000.0,0.10806603671667257,0.007289927957528781,0.00023593160349473583
3349.9999999999295,0.07976190476190309,4.7619047619047614e-5,7000.0,0.10816394656877346,0.007291648681218736,0.00023608963505178967
3351.9999999999295,0.07980952380952214,4.7619047619047614e-5,7000.0,0.10825305735202059,0.007292491778060965,0.00023625682012034607
3353.9999999999295,0.07985714285714118,4.7619047619047614e-5,7000.0,0.10833979678048015,0.0072925662135819545,0.00023644371111874378
3355.9999999999295,0.07990476190476023,4.7619047619047614e-5,7000.0,0.1084304973456011,0.007292299842766915,0.00023665030246366203
3357.9999999999295,0.07995238095237928,4.7619047619047614e-5,7000.0,0.10851823948663782,0.007291144165965757,0.00023687934070140324
3359.9999999999295,0.07999999999999832,4.7619047619047614e-5,7000.0,0.10859017298646952,0.007289927742604686,0.00023707591367463327
3361.999999999929,0.08004761904761737,4.7619047619047614e-5,7000.0,0.10864971453022693,0.0072888491624820305,0.00023724100674242169
3363.999999999929,0.08009523809523642,4.7619047619047614e-5,7000.0,0.10870094634908409,0.007287892672031085,0.0002373840245564727
3365.9999999999295,0.08014285714285546,4.7619047619047614e-5,7000.0,0.1087466404186675,0.00728712838377219,0.00023750872024994507
3367.9999999999295,0.08019047619047451,4.7619047619047614e-5,7000.0,0.10878932753794361,0.007286529523886629,0.00023762147914926053
3369.999999999929,0.08023809523809355,4.7619047619047614e-5,7000.0,0.1088329912088039,0.007285977763173389,0.00023773485296520698
3371.999999999929,0.0802857142857126,4.7619047619047614e-5,7000.0,0.10887720990104659,0.00728539533988701,0.00023785045748902573
3373.999999999929,0.08033333333333165,4.7619047619047614e-5,7000.0,0.1089248455954846,0.007284669629589041,0.00023797822665323575
3375.999999999929,0.0803809523809507,4.7619047619047614e-5,7000.0,0.1089755496570664,0.0072835790020285346,0.00023812465546468268
3377.999999999929,0.08042857142856974,4.7619047619047614e-5,7000.0,0.10902130314211889,0.00728202719383224,0.00023827539825839233
3379.999999999929,0.08047619047618879,4.7619047619047614e-5,7000.0,0.10905421086610548,0.007280066400068714,0.00023841151674334663
3381.9999999999286,0.08052380952380783,4.7619047619047614e-5,7000.0,0.10908670014887241,0.007277486329485212,0.0002385670926503074
3383.9999999999286,0.08057142857142688,4.7619047619047614e-5,7000.0,0.1091182438230073,0.00727431019301289,0.00023874027124412886
3385.999999999929,0.08061904761904592,4.7619047619047614e-5,7000.0,0.10915094967839341,0.007270545767189804,0.00023893547665824804
3387.9999999999286,0.08066666666666497,4.7619047619047614e-5,7000.0,0.10917651551171076,0.007266510323106584,0.0002391241647037138
3389.9999999999286,0.08071428571428402,4.7619047619047614e-5,7000.0,0.10919078549083555,0.0072624558732198525,0.00023928893413363396
3391.9999999999286,0.08076190476190306,4.7619047619047614e-5,7000.0,0.1091959999621023,0.007258442800811013,0.00023943266671315735
3393.9999999999286,0.08080952380952211,4.7619047619047614e-5,7000.0,0.10919284101058892,0.007254475046491295,0.00023955669136236114
3395.9999999999286,0.08085714285714116,4.7619047619047614e-5,7000.0,0.10918247150579376,0.007250567684989989,0.00023966302769796275
3397.9999999999286,0.0809047619047602,4.7619047619047614e-5,7000.0,0.109166661255296,0.007246727763886815,0.00023975529819406392
3399.9999999999286,0.08095238095237925,4.7619047619047614e-5,7000.0,0.10914024400021718,0.0072429762908660595,0.00023982143010457298
3401.999999999928,0.0809999999999983,4.7619047619047614e-5,7000.0,0.10910661882118948,0.007239208950797914,0.00023987230963296832
3403.999999999928,0.08104761904761734,4.7619047619047614e-5,7000.0,0.10906767175540548,0.007235541103513001,0.000239908236897018
3405.9999999999286,0.08109523809523639,4.7619047619047614e-5,7000.0,0.10902533642752844,0.007231841390638933,0.00023993780114092068
3407.999999999928,0.08114285714285543,4.7619047619047614e-5,7000.0,0.10897949894697762,0.007228178743069609,0.00023995845384592278
3409.999999999928,0.08119047619047448,4.7619047619047614e-5,7000.0,0.10892976849764234,0.007224587498074944,0.00023996817964866676
3411.999999999928,0.08123809523809353,4.7619047619047614e-5,7000.0,0.10887416615506643,0.007221178483999218,0.0002399589174673145
3413.9999999999277,0.08128571428571257,4.7619047619047614e-5,7000.0,0.10881428286563909,0.007218048256491087,0.0002399309395236041
3415.999999999928,0.08133333333333162,4.7619047619047614e-5,7000.0,0.10874988457438702,0.0072152637667716344,0.00023988148250928053
3417.999999999928,0.08138095238095067,4.7619047619047614e-5,7000.0,0.1086860987168829,0.007212791428981912,0.00023982295934220889
3419.9999999999277,0.08142857142856971,4.7619047619047614e-5,7000.0,0.10861483820279595,0.007210708587630768,0.00023973494675342698
3421.9999999999277,0.08147619047618876,4.7619047619047614e-5,7000.0,0.10853651464781991,0.007209032419374184,0.00023961777125238687
3423.9999999999277,0.0815238095238078,4.7619047619047614e-5,7000.0,0.10845778492456865,0.007207618149170027,0.00023949094181037407
3425.9999999999277,0.08157142857142685,4.7619047619047614e-5,7000.0,0.10838203828302538,0.007206366032220219,0.0002393652647949676
3427.9999999999277,0.0816190476190459,4.7619047619047614e-5,7000.0,0.10830971900630752,0.007205060236032204,0.00023924889730333413
3429.9999999999277,0.08166666666666494,4.7619047619047614e-5,7000.0,0.10824096349342004,0.007203601754350319,0.0002391454299177991
3431.9999999999277,0.08171428571428399,4.7619047619047614e-5,7000.0,0.10817538538877242,0.007201912376074644,0.0002390566061687874
3433.9999999999272,0.08176190476190304,4.7619047619047614e-5,7000.0,0.10811261796589111,0.007199966750540748,0.00023898245861461696
3435.9999999999277,0.08180952380952208,4.7619047619047614e-5,7000.0,0.10804977914736016,0.007197810351340585,0.00023891510906628858
3437.9999999999277,0.08185714285714113,4.7619047619047614e-5,7000.0,0.10798571862008152,0.0071955117910196655,0.00023884973579177515
3439.9999999999272,0.08190476190476018,4.7619047619047614e-5,7000.0,0.10791991561002111,0.007193144874394684,0.0002387827344967864
3441.9999999999272,0.08195238095237922,4.7619047619047614e-5,7000.0,0.10783789570067583,0.007190735014103909,0.00023868122131781276
3443.9999999999272,0.08199999999999827,4.7619047619047614e-5,7000.0,0.10776210780582775,0.007188403806883625,0.00023859082761705047
3445.9999999999272,0.08204761904761732,4.7619047619047614e-5,7000.0,0.10769265172389798,0.007186029504797945,0.00023851582915278082
3447.9999999999272,0.08209523809523636,4.7619047619047614e-5,7000.0,0.10762785509540782,0.007183642614652661,0.00023845152204360635
3449.9999999999272,0.08214285714285541,4.7619047619047614e-5,7000.0,0.10756739787928152,0.0071813427039431965,0.00023839390200136213
3451.999999999927,0.08219047619047445,4.7619047619047614e-5,7000.0,0.10750885600448784,0.007179218976620836,0.00023833464218029398
3453.999999999927,0.0822380952380935,4.7619047619047614e-5,7000.0,0.10745242179636655,0.007177387939953226,0.00023827030417138776
3455.9999999999272,0.08228571428571255,4.7619047619047614e-5,7000.0,0.10739737274745381,0.007175896045610332,0.00023819774755929157
3457.9999999999272,0.0823333333333316,4.7619047619047614e-5,7000.0,0.10734542376324047,0.007174813969476167,0.00023811843600261693
3459.999999999927,0.08238095238095064,4.7619047619047614e-5,7000.0,0.10729949489216092,0.0071741667395172045,0.00023803802759817406
3461.999999999927,0.08242857142856969,4.7619047619047614e-5,7000.0,0.10725407232213584,0.007173972122223881,0.00023794371494591162
3463.999999999927,0.08247619047618873,4.7619047619047614e-5,7000.0,0.10720735649296217,0.00717429432532288,0.00023782939405544987
3465.999999999927,0.08252380952380778,4.7619047619047614e-5,7000.0,0.10716275938566672,0.007175372722987656,0.00023769473071351142
3467.999999999927,0.08257142857142682,4.7619047619047614e-5,7000.0,0.10712755710137216,0.007177187445409473,0.0002375565691118706
3469.999999999927,0.08261904761904587,4.7619047619047614e-5,7000.0,0.10710377317865145,0.007179807867220115,0.00023741714597963836
3471.9999999999263,0.08266666666666492,4.7619047619047614e-5,7000.0,0.10709395218061517,0.007183229107887545,0.0002372823086775308
3473.9999999999263,0.08271428571428396,4.7619047619047614e-5,7000.0,0.10709565637371583,0.00718723933684782,0.00023715368720451477
3475.999999999927,0.08276190476190301,4.7619047619047614e-5,7000.0,0.10709576121348892,0.0071915389590923055,0.00023701213159342164
3477.9999999999263,0.08280952380952206,4.7619047619047614e-5,7000.0,0.10708505009903466,0.0071959611993484005,0.0002368427869795614
3479.9999999999263,0.0828571428571411,4.7619047619047614e-5,7000.0,0.10707785182077593,0.007200375896941705,0.00023668166296951832
3481.9999999999263,0.08290476190476015,4.7619047619047614e-5,7000.0,0.10706986017197845,0.007204677065401049,0.0002365227108424165
3483.9999999999263,0.0829523809523792,4.7619047619047614e-5,7000.0,0.10705158802762418,0.007208861016060807,0.00023634509477259475
3485.9999999999263,0.08299999999999824,4.7619047619047614e-5,7000.0,0.10703836122015495,0.007213037966055014,0.00023617904645469002
3487.9999999999263,0.08304761904761729,4.7619047619047614e-5,7000.0,0.10703495156127572,0.00721719108695582,0.00023603561855757877
3489.999999999926,0.08309523809523633,4.7619047619047614e-5,7000.0,0.10704363357276837,0.007221282650501696,0.000235921016170722
3491.999999999926,0.08314285714285538,4.7619047619047614e-5,7000.0,0.10706539117331505,0.0072253466427260014,0.00023583624539945353
3493.999999999926,0.08319047619047443,4.7619047619047614e-5,7000.0,0.10709765073048078,0.0072294821025547865,0.00023577235914674818
3495.9999999999263,0.08323809523809347,4.7619047619047614e-5,7000.0,0.1071397960861296,0.007233754730289368,0.00023572582683188532
3497.999999999926,0.08328571428571252,4.7619047619047614e-5,7000.0,0.10719210839136586,0.007238133682193801,0.00023569824294482166
3499.999999999926,0.08333333333333157,4.7619047619047614e-5,7000.0,0.10725155090217031,0.007242645504545349,0.00023568203731136453
3501.999999999926,0.08338095238095061,4.7619047619047614e-5,7000.0,0.10731730342994464,0.0072472627597161676,0.00023567628063809058
3503.999999999926,0.08342857142856966,4.7619047619047614e-5,7000.0,0.10739046685687388,0.007251958887863228,0.00023568423243300915
3505.999999999926,0.0834761904761887,4.7619047619047614e-5,7000.0,0.10745923397437458,0.007256746089764295,0.00023567957396240886
3507.999999999926,0.08352380952380775,4.7619047619047614e-5,7000.0,0.10752864469510283,0.00726169371633931,0.00023567112571397343
3509.9999999999254,0.0835714285714268,4.7619047619047614e-5,7000.0,0.10759861758729748,0.007266876030477107,0.00023565630935565318
3511.9999999999254,0.08361904761904584,4.7619047619047614e-5,7000.0,0.10766973001874845,0.00727208724910545,0.00023564307147114596
3513.9999999999254,0.08366666666666489,4.7619047619047614e-5,7000.0,0.10774786719191978,0.007277276481023715,0.00023564592764779428
3515.9999999999254,0.08371428571428394,4.7619047619047614e-5,7000.0,0.10782775078682916,0.007282266171937823,0.00023565905358329155
3517.9999999999254,0.08376190476190298,4.7619047619047614e-5,7000.0,0.10791138542684112,0.007287069426912689,0.0002356863836530353
3519.9999999999254,0.08380952380952203,4.7619047619047614e-5,7000.0,0.10799540947968894,0.0072916553479423244,0.00023572155333392457
3521.9999999999254,0.08385714285714108,4.7619047619047614e-5,7000.0,0.10807863072290667,0.0072960505831447505,0.00023576108918285603
3523.9999999999254,0.08390476190476012,4.7619047619047614e-5,7000.0,0.10815480492847589,0.007300241558634116,0.0002357918116168099
3525.9999999999254,0.08395238095237917,4.7619047619047614e-5,7000.0,0.10823047250594789,0.007304251579955681,0.00023582723710890576
3527.9999999999254,0.08399999999999821,4.7619047619047614e-5,7000.0,0.10830605563857344,0.007308030455104118,0.0002358698999348823
3529.999999999925,0.08404761904761726,4.7619047619047614e-5,7000.0,0.1083831498472883,0.007311576672892809,0.00023592331473480568
3531.999999999925,0.08409523809523631,4.7619047619047614e-5,7000.0,0.10846303206824899,0.0073148426516264796,0.00023599178435585667
3533.999999999925,0.08414285714285535,4.7619047619047614e-5,7000.0,0.1085432279096878,0.007317871879862318,0.00023606851205629488
3535.999999999925,0.0841904761904744,4.7619047619047614e-5,7000.0,0.10862282754876583,0.007320510121867794,0.00023615649250128583
3537.999999999925,0.08423809523809345,4.7619047619047614e-5,7000.0,0.1087054897959831,0.007322686412691756,0.0002362659694435365
3539.999999999925,0.08428571428571249,4.7619047619047614e-5,7000.0,0.10877776393861799,0.007324380030692542,0.00023636838553934812
3541.9999999999245,0.08433333333333154,4.7619047619047614e-5,7000.0,0.10885180157339457,0.007325529056212544,0.00023649216530199574
3543.999999999925,0.08438095238095059,4.7619047619047614e-5,7000.0,0.10893678601016099,0.007326046827120442,0.00023666007585261255
3545.999999999925,0.08442857142856963,4.7619047619047614e-5,7000.0,0.10902636131749915,0.00732602096011025,0.00023685551031704755
3547.9999999999245,0.08447619047618868,4.7619047619047614e-5,7000.0,0.10910601296803839,0.007325897603014476,0.0002370325416201075
3549.9999999999245,0.08452380952380772,4.7619047619047614e-5,7000.0,0.109178634467781,0.007325655316448527,0.0002371981564100474
3551.9999999999245,0.08457142857142677,4.7619047619047614e-5,7000.0,0.10922517935551042,0.007325215848338009,0.00023731351491126985
3553.9999999999245,0.08461904761904582,4.7619047619047614e-5,7000.0,0.10925780312840677,0.007324637409320272,0.0002374031432207206
3555.9999999999245,0.08466666666666486,4.7619047619047614e-5,7000.0,0.10928369440274295,0.007323873470028929,0.00023748417056516864
3557.9999999999245,0.08471428571428391,4.7619047619047614e-5,7000.0,0.10929994493047339,0.007322578399459219,0.00023756149222849528
3559.9999999999245,0.08476190476190296,4.7619047619047614e-5,7000.0,0.1093272434737966,0.007321282844096249,0.00023766287389780208
3561.999999999924,0.084809523809522,4.7619047619047614e-5,7000.0,0.10934876619612467,0.007319883422562472,0.0002377551069661815
3563.9999999999245,0.08485714285714105,4.7619047619047614e-5,7000.0,0.10934941178140849,0.0073183433314455,0.00023780654474658003
3565.9999999999245,0.0849047619047601,4.7619047619047614e-5,7000.0,0.10935443509143263,0.007316677423537032,0.00023787161694234878
3567.999999999924,0.08495238095237914,4.7619047619047614e-5,7000.0,0.10936840642125828,0.007314692823200863,0.00023796655472416219
3569.999999999924,0.08499999999999819,4.7619047619047614e-5,7000.0,0.10938841786454465,0.007312424198435969,0.0002380839369776685
3571.999999999924,0.08504761904761723,4.7619047619047614e-5,7000.0,0.10939355008400367,0.007310350855233399,0.0002381626351870103
3573.999999999924,0.08509523809523628,4.7619047619047614e-5,7000.0,0.10938202825636095,0.0073083939527346835,0.0002382013147485456
3575.999999999924,0.08514285714285533,4.7619047619047614e-5,7000.0,0.10936321646543959,0.007306475493052902,0.00023822288200998207
3577.999999999924,0.08519047619047437,4.7619047619047614e-5,7000.0,0.10933901176650987,0.007304477589133075,0.00023823530133505792
3579.999999999923,0.08523809523809342,4.7619047619047614e-5,7000.0,0.10931210509817188,0.007302373852398868,0.00023824529143272555
3581.999999999923,0.08528571428571247,4.7619047619047614e-5,7000.0,0.10928153103205024,0.007300197339510979,0.0002382496670092242
3583.999999999923,0.08533333333333151,4.7619047619047614e-5,7000.0,0.10924613968296465,0.0072980675191130105,0.00023824201542005835
3585.999999999924,0.08538095238095056,4.7619047619047614e-5,7000.0,0.10920823343015144,0.007295919647183863,0.0002382294627305969
3587.999999999923,0.0854285714285696,4.7619047619047614e-5,7000.0,0.10916891051979345,0.0072937142794555695,0.0002382156892287651
3589.999999999923,0.08547619047618865,4.7619047619047614e-5,7000.0,0.1091327055127939,0.007291619582216963,0.00023820509750280156
3591.999999999923,0.0855238095238077,4.7619047619047614e-5,7000.0,0.10909704936493952,0.007289483532687888,0.00023819704928763557
3593.999999999923,0.08557142857142674,4.7619047619047614e-5,7000.0,0.10906147540254638,0.007287263879462207,0.0002381919084902329
3595.999999999923,0.08561904761904579,4.7619047619047614e-5,7000.0,0.10902599639620862,0.007284955398689881,0.0002381898762907504
3597.999999999923,0.08566666666666484,4.7619047619047614e-5,7000.0,0.10898976538196439,0.007282544925212672,0.00023818953518448782
3599.9999999999227,0.08571428571428388,4.7619047619047614e-5,7000.0,0.10895111295777833,0.0072799961968775875,0.0002381884236427362
3601.9999999999227,0.08576190476190293,4.7619047619047614e-5,7000.0,0.10890852524041045,0.0072773037097765446,0.00023818341006674856
3603.9999999999227,0.08580952380952198,4.7619047619047614e-5,7000.0,0.10886319459773308,0.007274425046836298,0.00023817848736429548
3605.9999999999227,0.08585714285714102,4.7619047619047614e-5,7000.0,0.10881441512691772,0.007271312040177773,0.00023817368793155325
3607.9999999999227,0.08590476190476007,4.7619047619047614e-5,7000.0,0.10876321593842536,0.007267925493069074,0.00023817254950782277
3609.9999999999227,0.08595238095237911,4.7619047619047614e-5,7000.0,0.10870933223434459,0.007264270079628848,0.00023817434368022627
3611.9999999999222,0.08599999999999816,4.7619047619047614e-5,7000.0,0.10865355026099893,0.007260349264757611,0.00023818068494944506
3613.9999999999227,0.08604761904761721,4.7619047619047614e-5,7000.0,0.10859381516399136,0.00725621145495849,0.0002381854853574649
3615.9999999999227,0.08609523809523625,4.7619047619047614e-5,7000.0,0.10853006472524498,0.007251923379722675,0.00023818641442632888
3617.9999999999222,0.0861428571428553,4.7619047619047614e-5,7000.0,0.1084609957782318,0.007247584349292878,0.00023817733990855847
3619.9999999999222,0.08619047619047435,4.7619047619047614e-5,7000.0,0.10838604831451855,0.007243264195805419,0.00023815471706033052
3621.9999999999222,0.08623809523809339,4.7619047619047614e-5,7000.0,0.108308853608296,0.007239075529575053,0.00023812280120509625
3623.9999999999222,0.08628571428571244,4.7619047619047614e-5,7000.0,0.10822962536443209,0.007235023380503809,0.00023808188252922918
3625.9999999999222,0.08633333333333149,4.7619047619047614e-5,7000.0,0.10813926688338675,0.007231174628413585,0.00023800972526921983
3627.9999999999222,0.08638095238095053,4.7619047619047614e-5,7000.0,0.10806075328864816,0.0072274775904055755,0.00023795857994707444
3629.9999999999222,0.08642857142856958,4.7619047619047614e-5,7000.0,0.10799953265907354,0.007223692557257362,0.00023794838080473636
3631.999999999922,0.08647619047618862,4.7619047619047614e-5,7000.0,0.1079367602641837,0.00721970673326884,0.00023794136759335908
3633.9999999999222,0.08652380952380767,4.7619047619047614e-5,7000.0,0.10786561853897211,0.007215441782220968,0.000237925090358888
3635.9999999999222,0.08657142857142672,4.7619047619047614e-5,7000.0,0.10779276511352014,0.007211028428675825,0.00023790991211652572
3637.999999999922,0.08661904761904576,4.7619047619047614e-5,7000.0,0.10769143232345645,0.007206860981924045,0.0002378237047434842
3639.999999999922,0.08666666666666481,4.7619047619047614e-5,7000.0,0.10757535804381686,0.007202973200592912,0.00023769559473225046
3641.999999999922,0.08671428571428386,4.7619047619047614e-5,7000.0,0.1074667350734066,0.007199336352998409,0.00023757553844190558
3643.999999999922,0.0867619047619029,4.7619047619047614e-5,7000.0,0.10736474518252194,0.007195905103854974,0.00023746324698537197
3645.999999999922,0.08680952380952195,4.7619047619047614e-5,7000.0,0.10727981335644539,0.00719281231505793,0.00023737742404191604
3647.999999999922,0.086857142857141,4.7619047619047614e-5,7000.0,0.10713201539788411,0.0071900159192582,0.00023714258779734978
3649.999999999922,0.08690476190476004,4.7619047619047614e-5,7000.0,0.10683071803424245,0.007187074431679516,0.00023657243306485283
3651.9999999999213,0.08695238095237909,4.7619047619047614e-5,7000.0,0.10767081350045273,0.007168756235634427,0.00023904205460553065
3653.999999999922,0.08699999999999813,4.7619047619047614e-5,7000.0,0.10742337735223348,0.007196114509093551,0.00023758601239083833
3655.999999999922,0.08704761904761718,4.7619047619047614e-5,7000.0,0.10708395031611687,0.00721842455021538,0.00023610332005352065
3657.9999999999213,0.08709523809523623,4.7619047619047614e-5,7000.0,0.1071527613304761,0.007217751094653728,0.00023627708143501074
3659.9999999999213,0.08714285714285527,4.7619047619047614e-5,7000.0,0.10720044768188668,0.0072199594139310316,0.00023630993156714938
3661.9999999999213,0.08719047619047432,4.7619047619047614e-5,7000.0,0.10720862553607727,0.007222166205020321,0.00023625574670787692
3663.9999999999213,0.08723809523809337,4.7619047619047614e-5,7000.0,0.10720536296565256,0.007223757774062276,0.00023619650569137873
3665.9999999999213,0.08728571428571241,4.7619047619047614e-5,7000.0,0.10719949411791889,0.0072247542809684906,0.0002361509986680163
3667.9999999999213,0.08733333333333146,4.7619047619047614e-5,7000.0,0.10719056774508247,0.007225627278167429,0.00023610280537170612
3669.999999999921,0.0873809523809505,4.7619047619047614e-5,7000.0,0.10714129135505417,0.0072265740318193245,0.00023596334934540048
3671.999999999921,0.08742857142856955,4.7619047619047614e-5,7000.0,0.10709838492532937,0.007227955507973929,0.000235823772562245
3673.9999999999213,0.0874761904761886,4.7619047619047614e-5,7000.0,0.10707432037677,0.00722964409833545,0.00023571571621474151
3675.999999999921,0.08752380952380764,4.7619047619047614e-5,7000.0,0.10707453756497508,0.007231505161370562,0.00023565553162814605
3677.999999999921,0.08757142857142669,4.7619047619047614e-5,7000.0,0.10708976317241775,0.0072336237884073435,0.00023562001096525529
3679.999999999921,0.08761904761904574,4.7619047619047614e-5,7000.0,0.107092548058624,0.007236059458005592,0.00023554682615245035
3681.9999999999204,0.08766666666666478,4.7619047619047614e-5,7000.0,0.10711318097870441,0.007238732527661104,0.000235505209757568
3683.999999999921,0.08771428571428383,4.7619047619047614e-5,7000.0,0.10712152056612041,0.007242115610117999,0.00023541352316716754
3685.999999999921,0.08776190476190288,4.7619047619047614e-5,7000.0,0.10712401854546334,0.007245977066084855,0.00023529355558104802
3687.999999999921,0.08780952380952192,4.7619047619047614e-5,7000.0,0.10713994546169724,0.007249970482996965,0.00023519891512408428
3689.9999999999204,0.08785714285714097,4.7619047619047614e-5,7000.0,0.10716844772964136,0.007253748251619655,0.00023513895999698352
3691.9999999999204,0.08790476190476001,4.7619047619047614e-5,7000.0,0.10721176278966692,0.007257252586059546,0.00023512040959340554
3693.999999999921,0.08795238095237906,4.7619047619047614e-5,7000.0,0.10726688295489761,0.007260434620627869,0.00023513819136705303
3695.9999999999204,0.08799999999999811,4.7619047619047614e-5,7000.0,0.10733112024956654,0.007263393147931697,0.00023518317110747942
3697.9999999999204,0.08804761904761715,4.7619047619047614e-5,7000.0,0.10740017803855076,0.007266269642220775,0.00023524132829401572
3699.9999999999204,0.0880952380952362,4.7619047619047614e-5,7000.0,0.10747328333584551,0.007269068013241736,0.0002353108302475145
3701.99999999992,0.08814285714285525,4.7619047619047614e-5,7000.0,0.10754873424315864,0.007271829274718047,0.0002353866136212194
3703.9999999999204,0.08819047619047429,4.7619047619047614e-5,7000.0,0.10762757343744062,0.007274552622607015,0.0002354709796492734
3705.9999999999204,0.08823809523809334,4.7619047619047614e-5,7000.0,0.10770887471872415,0.007277187235028611,0.00023556353949278635
3707.99999999992,0.08828571428571239,4.7619047619047614e-5,7000.0,0.1077943314969915,0.007279659660617409,0.00023567036777619817
3709.99999999992,0.08833333333333143,4.7619047619047614e-5,7000.0,0.1078845227907375,0.007281866826226647,0.00023579606020003984
3711.99999999992,0.08838095238095048,4.7619047619047614e-5,7000.0,0.10797949238008624,0.007283757446770124,0.00023594237027298347
3713.9999999999204,0.08842857142856952,4.7619047619047614e-5,7000.0,0.10807881250444121,0.007285190179082022,0.0002361129473733441
3715.99999999992,0.08847619047618857,4.7619047619047614e-5,7000.0,0.10818106013121927,0.007286193391929772,0.00023630378089985042
3717.99999999992,0.08852380952380762,4.7619047619047614e-5,7000.0,0.10828396670898784,0.007286748619431252,0.0002365105407009196
3719.99999999992,0.08857142857142666,4.7619047619047614e-5,7000.0,0.10838282594333912,0.007286904726698384,0.00023672139464030797
3721.9999999999195,0.08861904761904571,4.7619047619047614e-5,7000.0,0.10847607992302337,0.007286712146885516,0.00023693133444772983
3723.99999999992,0.08866666666666476,4.7619047619047614e-5,7000.0,0.10856320980963377,0.007286184769558806,0.0002371388048147453
3725.99999999992,0.0887142857142838,4.7619047619047614e-5,7000.0,0.10864529099890034,0.007285326234171272,0.00023734606454585695
3727.9999999999195,0.08876190476190285,4.7619047619047614e-5,7000.0,0.1087193986020888,0.007284172989388539,0.00023754556245036444
3729.9999999999195,0.0888095238095219,4.7619047619047614e-5,7000.0,0.10878730581667523,0.007282872474676426,0.00023773638116796514
3731.9999999999195,0.08885714285714094,4.7619047619047614e-5,7000.0,0.10885159121272932,0.007281525155886083,0.00023792088105223353
3733.9999999999195,0.08890476190475999,4.7619047619047614e-5,7000.0,0.10889450501962036,0.007280363602461254,0.00023805265362788626
3735.9999999999195,0.08895238095237903,4.7619047619047614e-5,7000.0,0.10893042590766056,0.007279395788998421,0.00023816283986799168
3737.9999999999195,0.08899999999999808,4.7619047619047614e-5,7000.0,0.10897280487174503,0.007278469078588517,0.00023828583141126926
3739.9999999999195,0.08904761904761713,4.7619047619047614e-5,7000.0,0.10902545878455713,0.00727732474816596,0.00023843845491156664
3741.9999999999195,0.08909523809523617,4.7619047619047614e-5,7000.0,0.10907224047603771,0.007276312388573871,0.00023857395475665772
3743.999999999919,0.08914285714285522,4.7619047619047614e-5,7000.0,0.10911489035350731,0.007275270854016398,0.00023870141075371318
3745.999999999919,0.08919047619047427,4.7619047619047614e-5,7000.0,0.10915332152750623,0.007274007001601595,0.00023882697215134066
3747.999999999919,0.08923809523809331,4.7619047619047614e-5,7000.0,0.10918646130047442,0.007272353233112009,0.0002389538087281024
3749.999999999919,0.08928571428571236,4.7619047619047614e-5,7000.0,0.10921305140574881,0.007270281969533738,0.00023908009420010068
3751.999999999919,0.0893333333333314,4.7619047619047614e-5,7000.0,0.10922203463825811,0.00726794754002577,0.00023917655722610452
3753.9999999999195,0.08938095238095045,4.7619047619047614e-5,7000.0,0.10921067806182828,0.007265203760013986,0.0002392420065025695
3755.9999999999186,0.0894285714285695,4.7619047619047614e-5,7000.0,0.10919024217039949,0.007262301801246225,0.0002392928200235093
3757.9999999999186,0.08947619047618854,4.7619047619047614e-5,7000.0,0.10916395855489508,0.007259274533041943,0.00023933498495489348
3759.9999999999186,0.08952380952380759,4.7619047619047614e-5,7000.0,0.10913435996821713,0.007256157344023201,0.0002393728805290979
3761.9999999999186,0.08957142857142664,4.7619047619047614e-5,7000.0,0.10910250802937069,0.007253114192865738,0.00023940342030844092
3763.999999999919,0.08961904761904568,4.7619047619047614e-5,7000.0,0.10906916466561137,0.007250186470533986,0.00023942689979058473
3765.999999999919,0.08966666666666473,4.7619047619047614e-5,7000.0,0.10903402320220766,0.007247338226367402,0.00023944382359157245
3767.999999999919,0.08971428571428378,4.7619047619047614e-5,7000.0,0.1089995395319172,0.007244598811651177,0.00023945860857533385
3769.999999999918,0.08976190476190282,4.7619047619047614e-5,7000.0,0.10896708009959308,0.007241834258745312,0.00023947868471578982
3771.9999999999186,0.08980952380952187,4.7619047619047614e-5,7000.0,0.10893617953919488,0.007239008785538714,0.0002395042190008727
3773.9999999999186,0.08985714285714091,4.7619047619047614e-5,7000.0,0.10890681904742257,0.007236031563364799,0.00023953818382395096
3775.9999999999186,0.08990476190475996,4.7619047619047614e-5,7000.0,0.10887884918944171,0.0072328604104140055,0.00023958166013693014
3777.9999999999186,0.08995238095237901,4.7619047619047614e-5,7000.0,0.10885097696536469,0.0072294784771945375,0.00023963237596002398
3779.9999999999186,0.08999999999999805,4.7619047619047614e-5,7000.0,0.10882184177406605,0.007225864590490637,0.00023968805141324584
3781.999999999918,0.0900476190476171,4.7619047619047614e-5,7000.0,0.10879094287568847,0.007222088337227258,0.00023974528576510535
3783.999999999918,0.09009523809523615,4.7619047619047614e-5,7000.0,0.10875700654717473,0.007218164357962582,0.00023980079047058756
3785.999999999918,0.09014285714285519,4.7619047619047614e-5,7000.0,0.10871807026499339,0.0072141651636136546,0.00023984782568269386
3787.999999999918,0.09019047619047424,4.7619047619047614e-5,7000.0,0.10867301751139745,0.007210199194750532,0.00023988030636162518
3789.999999999918,0.09023809523809329,4.7619047619047614e-5,7000.0,0.1086213786095284,0.007206319494331878,0.00023989540492563892
3791.999999999918,0.09028571428571233,4.7619047619047614e-5,7000.0,0.10856335236608422,0.007202624021428444,0.00023989026938355752
3793.9999999999186,0.09033333333333138,4.7619047619047614e-5,7000.0,0.1084993540558625,0.007199163236142822,0.00023986410578349642
3795.9999999999177,0.09038095238095042,4.7619047619047614e-5,7000.0,0.1084309797542744,0.007195971184467992,0.00023981928178699145
3797.9999999999177,0.09042857142856947,4.7619047619047614e-5,7000.0,0.10835677964691505,0.0071931827926449785,0.00023974807252165664
3799.9999999999177,0.09047619047618852,4.7619047619047614e-5,7000.0,0.1082667927736033,0.007190794067642706,0.000239628545617266
3801.9999999999177,0.09052380952380756,4.7619047619047614e-5,7000.0,0.10817193869260774,0.007188807990861799,0.00023948474863491384
3803.999999999918,0.09057142857142661,4.7619047619047614e-5,7000.0,0.10808139420505437,0.007187143270596908,0.00023933971393573598
3805.999999999918,0.09061904761904566,4.7619047619047614e-5,7000.0,0.10799765434302461,0.007185529494285452,0.00023920798800828696
3807.9999999999172,0.0906666666666647,4.7619047619047614e-5,7000.0,0.10792220319866991,0.0071838192142772445,0.0002390977778825461
3809.9999999999172,0.09071428571428375,4.7619047619047614e-5,7000.0,0.10785585013988146,0.007181892707420203,0.000239014872408292
3811.9999999999177,0.0907619047619028,4.7619047619047614e-5,7000.0,0.10779820821526503,0.0071794719213990115,0.0002389676828844761
3813.9999999999177,0.09080952380952184,4.7619047619047614e-5,7000.0,0.107737037736082,0.007176328161190627,0.0002389367058561417
3815.9999999999177,0.09085714285714089,4.7619047619047614e-5,7000.0,0.10765890895097543,0.007172384030809795,0.0002388947308708661
3817.9999999999177,0.09090476190475993,4.7619047619047614e-5,7000.0,0.10754594946421954,0.007167612662143434,0.00023880293583865525
3819.999999999917,0.09095238095237898,4.7619047619047614e-5,7000.0,0.1073742985021949,0.0071625107646590205,0.00023859161862582645
3821.9999999999172,0.09099999999999803,4.7619047619047614e-5,7000.0,0.1071708826785856,0.007158254258250382,0.00023828122218709082
3823.9999999999172,0.09104761904761707,4.7619047619047614e-5,7000.0,0.10693841747802713,0.007155065854774836,0.0002378703158503403
3825.9999999999172,0.09109523809523612,4.7619047619047614e-5,7000.0,0.10659160657674543,0.007152823232939448,0.00023717321855057271
3827.9999999999172,0.09114285714285517,4.7619047619047614e-5,7000.0,0.1060798104075321,0.0071518537481658475,0.0002360664351244548
3829.9999999999172,0.09119047619047421,4.7619047619047614e-5,7000.0,0.10554899820252192,0.007144354955348055,0.00023513172158046218
3831.9999999999172,0.09123809523809326,4.7619047619047614e-5,7000.0,0.10639559881184699,0.007124525712477906,0.0002376773719051989
3833.999999999917,0.0912857142857123,4.7619047619047614e-5,7000.0,0.10603593047720819,0.007223419185438234,0.0002336309446753005
3835.999999999917,0.09133333333333135,4.7619047619047614e-5,7000.0,0.10619787041431351,0.0072506873214232565,0.00023310777686318465
3837.999999999917,0.0913809523809504,4.7619047619047614e-5,7000.0,0.1066579883081991,0.0072236713358588235,0.00023499333330991433
3839.999999999917,0.09142857142856944,4.7619047619047614e-5,7000.0,0.10685178379524803,0.0072176484321398665,0.0002356167625659528
3841.999999999917,0.09147619047618849,4.7619047619047614e-5,7000.0,0.1068973662835929,0.007216581971494411,0.00023575210972093507
3843.9999999999172,0.09152380952380754,4.7619047619047614e-5,7000.0,0.10700137454067064,0.007216650406299206,0.00023597925238155086
3845.999999999916,0.09157142857142658,4.7619047619047614e-5,7000.0,0.10700158938310321,0.007217207075414607,0.0002359615248815877
3847.999999999916,0.09161904761904563,4.7619047619047614e-5,7000.0,0.10706661235878917,0.007217671265587413,0.0002360897299139917
3849.999999999916,0.09166666666666468,4.7619047619047614e-5,7000.0,0.10705021594222454,0.007218473246197592,0.00023602734879199806
3851.999999999917,0.09171428571428372,4.7619047619047614e-5,7000.0,0.10705898058502987,0.007219492777691796,0.00023601333898604478
3853.999999999917,0.09176190476190277,4.7619047619047614e-5,7000.0,0.10708789671329219,0.007221663188934415,0.0002360061340627218
3855.999999999917,0.09180952380952181,4.7619047619047614e-5,7000.0,0.10710837652583444,0.007224531954858805,0.00023595753575662108
3857.9999999999154,0.09185714285714086,4.7619047619047614e-5,7000.0,0.107109650755798,0.007227907142827514,0.00023585015736606597
3859.9999999999154,0.09190476190475991,4.7619047619047614e-5,7000.0,0.10712830235866631,0.007231638076055199,0.0002357695267117894
3861.999999999916,0.09195238095237895,4.7619047619047614e-5,7000.0,0.10712014100982079,0.007236251552172754,0.00023560126155778535
3863.999999999916,0.091999999999998,4.7619047619047614e-5,7000.0,0.107127291850671,0.007241289254069659,0.0002354530725105377
3865.999999999916,0.09204761904761705,4.7619047619047614e-5,7000.0,0.1071526332308389,0.007246368164514964,0.00023534370400213306
3867.999999999916,0.09209523809523609,4.7619047619047614e-5,7000.0,0.10719425524346565,0.007251230702283793,0.00023527724180225898
3869.999999999916,0.09214285714285514,4.7619047619047614e-5,7000.0,0.10725167978207695,0.007255982097344446,0.00023524913324240155
3871.9999999999154,0.09219047619047419,4.7619047619047614e-5,7000.0,0.10732241624412832,0.007260630664221916,0.00023525357286093847
